	latitude	longitude	total_count
0	49.123100431480985	9.210642609545985	251
1	49.123417316675294	9.210733289765775	92
2	49.123028123426714	9.21080501565054	716
3	49.122957380302594	9.21127535065138	555
4	49.12287240623913	9.21099139667524	293
5	49.122321194155475	9.210417869886212	666
6	49.12249280255064	9.210438524252542	987
7	49.12225306707087	9.210841698167728	812
8	49.12291661304618	9.210671402991	738
9	49.1225497082913	9.210739449849916	479
10	49.122674827429144	9.21021420185968	542
11	49.1225660571709	9.211386330417378	307
12	49.12290159849195	9.210693088683964	629
13	49.122189210392285	9.211046656206149	431
14	49.12288647537739	9.210770155203114	879
15	49.123044001561176	9.210671317413418	966
16	49.12287426443845	9.2106742307597	15
17	49.123167427832364	9.211011009822663	527
18	49.12256018095525	9.210526147516829	473
19	49.12259902911186	9.210553492988323	256
20	49.12231134882807	9.211001963462467	43
21	49.122916492709145	9.211128927564188	321
22	49.122579305086404	9.21087262419635	151
23	49.123081585766855	9.211444612336766	69
24	49.12273622937183	9.210797358616507	207
25	49.1230146644227	9.210737969959943	632
26	49.12275994723551	9.210803425969122	951
27	49.122960696926654	9.21088436319374	440
28	49.122364832746634	9.210825437355721	534
29	49.12283149976614	9.210871987936857	298
30	49.122751027255816	9.210960218861741	830
31	49.122367616141894	9.211061052527741	290
32	49.12310230552797	9.21101751614117	355
33	49.12285066905489	9.210197608808757	794
34	49.123024906697665	9.210732794208347	221
35	49.12300309030642	9.211074226455318	197
36	49.122919833493626	9.210942567108624	375
37	49.122893156193875	9.211222329916188	485
38	49.12265786503314	9.210941196296856	331
39	49.12312189346405	9.21069559226383	481
40	49.12223172220797	9.21108722932906	698
41	49.12333679942702	9.21091133391396	695
42	49.122681218455426	9.210548178955527	678
43	49.12329515282453	9.211439162193738	512
44	49.12287346590091	9.210846590334366	81
45	49.122133173206194	9.210844492629159	176
46	49.122248442041986	9.210400270179735	306
47	49.12237024927393	9.211226461216214	288
48	49.122673598094806	9.210958345480384	490
49	49.122600659578545	9.21099883750781	581
50	49.122061199733636	9.211273195346545	429
51	49.12293235442578	9.210669536998529	404
52	49.122797209068494	9.210685921448736	774
53	49.123010105554165	9.210912910464469	447
54	49.12275696479792	9.210916079020906	817
55	49.12260958556545	9.21115613645232	279
56	49.12237726161155	9.210705721515364	649
57	49.12281820749132	9.211228121484368	141
58	49.12256755501052	9.211136503693009	530
59	49.122688993289	9.210840052167937	572
60	49.122432689654964	9.210470333211715	219
61	49.12240767512517	9.21077448802459	960
62	49.12236181110676	9.211309641225498	836
63	49.12259804723236	9.21079368262482	372
64	49.12343062176802	9.211288017107766	908
65	49.12317314815913	9.210701866688787	464
66	49.12259658504997	9.210606674763284	489
67	49.123005297843285	9.211097322746252	335
68	49.12254977344153	9.210836379600996	408
69	49.12285919193108	9.211026248086347	127
70	49.12301005371596	9.211240830271972	817
71	49.12250361874892	9.2111723861922	21
72	49.1225162454033	9.210405515989967	31
73	49.122609746067994	9.210628486572915	984
74	49.122867012396235	9.210553307465	664
75	49.12230114157752	9.21134050809227	964
76	49.12266485742041	9.210884215233872	970
77	49.12300248000424	9.210990027978816	39
78	49.12229602445432	9.210596602216345	586
79	49.122323635891476	9.210869829212085	315
80	49.12277396034221	9.210721425812132	535
81	49.122399850901346	9.21134538483545	978
82	49.12244761710526	9.210588328998018	489
83	49.12239246245714	9.210751655681847	249
84	49.12298100848867	9.211239041582054	290
85	49.122881971983084	9.210630499715014	937
86	49.12297402559097	9.211088257081823	220
87	49.122621214558656	9.21074294064423	979
88	49.12282315186203	9.210362174695732	94
89	49.12251457620288	9.211335886345422	374
90	49.122915651886686	9.211379801635472	139
91	49.123047612979725	9.210385431942075	476
92	49.123049677753066	9.210756153349095	80
93	49.12239670177075	9.210925064568503	639
94	49.1232526823618	9.21053440062252	443
95	49.12273351756934	9.210879125934374	803
96	49.123032059405716	9.21126925322447	460
97	49.12295902753092	9.210885146703898	446
98	49.12227335401756	9.210817840639614	990
99	49.12263705538121	9.211149403797732	468
100	49.12260122380351	9.210502498292023	516
101	49.122962121357425	9.210572570426315	664
102	49.122627274788925	9.211347278158955	491
103	49.122943351385985	9.211207855726688	213
104	49.122481925306126	9.210580963798659	198
105	49.122817887039346	9.210824309697076	187
106	49.12320866827739	9.210334820794841	528
107	49.12255204081945	9.210262664835508	972
108	49.12281399134578	9.210825314521367	962
109	49.12312627733896	9.21106358264065	970
110	49.122427212486386	9.211148400985739	18
111	49.12257158793432	9.2110120163563	610
112	49.12227469984671	9.210935494155521	402
113	49.12230362278874	9.210690222791612	502
114	49.12266767265915	9.210793456390853	333
115	49.12218096070042	9.210878259866098	338
116	49.12260531608572	9.210946884412868	510
117	49.12260896483924	9.211143244280171	265
118	49.122688694546696	9.211190524998269	281
119	49.12265038190154	9.21112175459888	523
120	49.12306574358385	9.210810812180554	297
121	49.12187605928048	9.210864282360399	994
122	49.12246639803282	9.210653835909957	19
123	49.12261366505841	9.21101549373482	919
124	49.122441747765855	9.210798778296894	439
125	49.12314790998547	9.211030952551482	656
126	49.122498621192655	9.210621902940586	713
127	49.121837547588	9.211143723011743	1
128	49.12269798669855	9.210775258017724	396
129	49.12264371395651	9.210271585628357	389
130	49.12281788009606	9.210976331305897	193
131	49.12272374639589	9.211620488814281	64
132	49.122846854213336	9.210382838092187	1
133	49.12213404595843	9.210750031772129	889
134	49.12229284050167	9.211096801417813	729
135	49.12235604987616	9.210936652098518	599
136	49.12265308316257	9.210402813531676	825
137	49.123178024985705	9.211334552677638	565
138	49.122725999804835	9.210658269181893	573
139	49.1227647848625	9.211436934546944	831
140	49.12194109254833	9.210958489163339	950
141	49.12257549126015	9.211074742658507	719
142	49.12261041927288	9.211346392874601	80
143	49.12239555056146	9.21101255682462	851
144	49.12258901844287	9.21042835115065	105
145	49.122759419971516	9.210663465594514	735
146	49.12253025709104	9.211200998926623	314
147	49.122830930744946	9.210848764331654	746
148	49.12282473614852	9.21108324139448	933
149	49.12241022931259	9.21140543776012	840
150	49.12267303887394	9.211317123913183	639
151	49.12296564046198	9.211331342809725	85
152	49.12296748299541	9.211592827186555	797
153	49.122748329858496	9.21052284134551	8
154	49.12255093033761	9.21073628823258	855
155	49.12294155069787	9.210820293030373	413
156	49.12294329022455	9.211112715684239	283
157	49.12217050596116	9.211155530858326	912
158	49.122585365198695	9.21092789163466	968
159	49.122253381925425	9.210966354881279	990
160	49.122457182678914	9.211481032776241	645
161	49.12246565299937	9.210849756343992	408
162	49.123140135132815	9.211205711597499	207
163	49.122888442712615	9.210793084450414	296
164	49.121985778803165	9.210552727141332	319
165	49.1224040647344	9.210855728550928	994
166	49.12260167327198	9.211162281106139	770
167	49.12250393957278	9.210415849354606	665
168	49.12322253622391	9.21093849350409	548
169	49.12265846186003	9.211577736819205	507
170	49.12285996686446	9.210655336774096	99
171	49.12275087348217	9.21132630980185	806
172	49.122641613029614	9.21083146873101	935
173	49.12298194781123	9.211023674519602	362
174	49.12281561190219	9.210897878156818	202
175	49.1221657221057	9.211053174248882	320
176	49.12254812642445	9.211027997207053	641
177	49.122907904297705	9.211096534731077	668
178	49.12250520362788	9.210666240894648	93
179	49.12359763768253	9.210914086350778	755
180	49.12282281070861	9.210850221186163	44
181	49.12269634479961	9.211289804491685	400
182	49.122280175210804	9.210987431745652	141
183	49.12271710119816	9.210516172563171	756
184	49.12242644714573	9.211000049409762	946
185	49.12213835693437	9.21109199991807	104
186	49.122732015068465	9.210576003229905	154
187	49.12298550850477	9.211074471414697	483
188	49.12262316028496	9.21111550043154	370
189	49.122694441655085	9.210535740485202	803
190	49.122668650243774	9.211023379450205	516
191	49.12269497315684	9.211170601945813	721
192	49.1223897608255	9.210517161553472	44
193	49.12257238594758	9.210689108583137	69
194	49.1229958711363	9.210740995536387	617
195	49.12337310350594	9.210714871168335	274
196	49.1229350857171	9.21116077329045	58
197	49.12201006481119	9.210724549754444	800
198	49.122661881773325	9.210712804837417	710
199	49.12244622968584	9.210923305800488	560
200	49.12268743568285	9.210762736041477	923
201	49.12218316645385	9.21139242950249	221
202	49.12266903210063	9.210781008583314	391
203	49.122268844496304	9.211375907172885	787
204	49.12239443300969	9.210859796305831	313
205	49.123095877507666	9.210877487083518	485
206	49.122809246869956	9.210703827931706	286
207	49.122516809809525	9.210697271596539	48
208	49.1228197440661	9.210572964847454	430
209	49.122346444494	9.210734799668357	405
210	49.12300715452889	9.210838356072998	242
211	49.12265569677395	9.210918830184987	117
212	49.12266866534399	9.211544263479938	556
213	49.12268607862976	9.211143566008975	56
214	49.1223192643507	9.210970242058139	658
215	49.12299625608385	9.210568704615214	137
216	49.122382371977125	9.211181714726306	870
217	49.12257982563141	9.210937617911377	168
218	49.12218357260412	9.21035379368991	341
219	49.12232372833048	9.211481250960567	739
220	49.122736395772755	9.210842424863149	868
221	49.12298155708313	9.211011241594525	483
222	49.12280051485804	9.211283599973896	531
223	49.122999810421405	9.211194401570967	956
224	49.12296113949112	9.2108244065273	204
225	49.12253351001356	9.21090453790875	240
226	49.12304093430906	9.21031111739537	270
227	49.12254355349808	9.210768678405628	341
228	49.12260800225594	9.210954038921377	867
229	49.122464045826966	9.211392573626096	322
230	49.12255642703389	9.21052278177233	882
231	49.12289315503978	9.210907465864453	52
232	49.12249963447145	9.21108541758884	852
233	49.12238032149899	9.210664483213828	93
234	49.12325812650075	9.211336555575892	947
235	49.12340805967337	9.210859922460283	415
236	49.12250745764499	9.210960096169996	904
237	49.1225304131667	9.21100237198328	148
238	49.12289615916567	9.210939659737727	885
239	49.12312387122615	9.211288573444657	612
240	49.12225801059037	9.210582454723303	877
241	49.12254556389626	9.211546598722538	647
242	49.12248572999894	9.21043004134769	241
243	49.12272746193091	9.210971065189572	978
244	49.122392748988574	9.21084481232441	296
245	49.12262886752315	9.211076301889694	668
246	49.12219583468428	9.21073666489281	391
247	49.12262021061993	9.210993040222732	198
248	49.12260502903344	9.211286425422623	684
249	49.12278295282854	9.210715644922816	725
250	49.12270735484771	9.210888242423906	966
251	49.122643859725954	9.210667278876562	588
252	49.122754986556025	9.210696779355981	791
253	49.122658370084764	9.21128279833734	492
254	49.12297058197045	9.211133896012292	622
255	49.12233638049345	9.210918828448772	345
256	49.12277486351524	9.210785528592671	41
257	49.12246674667842	9.211232002300958	727
258	49.122395048907826	9.211146824020052	80
259	49.12253003801126	9.21085221010269	122
260	49.12269084528649	9.21114271342101	807
261	49.12241360611673	9.210804314527815	151
262	49.12243809765221	9.210445762050428	211
263	49.122751284825235	9.210967670235853	761
264	49.122752353977496	9.210794864968868	639
265	49.12216555152927	9.211110047547612	979
266	49.122846053084785	9.21081596650615	749
267	49.1219533104088	9.210970674208548	725
268	49.12303432580179	9.21094365293871	388
269	49.12232276602523	9.21097262214026	782
270	49.12292118482273	9.21032279413834	129
271	49.122884304861664	9.21127648620889	162
272	49.122972688678146	9.210898038714001	519
273	49.12297433306961	9.210494471600795	390
274	49.12236404513223	9.210987385686462	105
275	49.12260876111312	9.210852447874169	719
276	49.12287512543694	9.211348303488059	908
277	49.12251289995216	9.210511172301121	114
278	49.123459186671234	9.210789595132708	931
279	49.12305702810992	9.210927294250412	875
280	49.123145992531754	9.210976412524138	245
281	49.12286166660351	9.21091407022699	875
282	49.1230725588151	9.211200667881208	372
283	49.122679039231656	9.211252266254423	791
284	49.122844636315065	9.211103865792566	378
285	49.12218656014402	9.210795878268662	344
286	49.12287129449893	9.2107869668511	992
287	49.12317031455224	9.210758804155573	865
288	49.122406633244964	9.210620992687149	321
289	49.12288004434111	9.210626781629069	214
290	49.12258361536875	9.210229567046639	86
291	49.122455882601685	9.210402754983264	74
292	49.12290016737807	9.210836220809522	118
293	49.122908666311915	9.211106769938823	719
294	49.12259047163754	9.211655830406103	359
295	49.122511894838105	9.211008476762096	71
296	49.122318341458005	9.211112543921315	964
297	49.12214703977977	9.210985259695795	322
298	49.12286880464886	9.21163319420259	976
299	49.122874945611436	9.211157582954714	165
300	49.12250285735703	9.210527010608905	450
301	49.12239241242296	9.2109750174806	742
302	49.123106329916126	9.210382531956213	976
303	49.12264937886965	9.210921672946611	456
304	49.12335543461186	9.210759829533506	249
305	49.12326657143069	9.211061268822247	99
306	49.12347150681592	9.21106345390655	613
307	49.12202049151841	9.211028401681402	556
308	49.122532331676844	9.21080670742239	991
309	49.12295946930671	9.21079511312534	413
310	49.12288291876631	9.211042276591927	85
311	49.12255366009548	9.210867978322348	107
312	49.122777208978725	9.210984292513501	401
313	49.12239466140973	9.210973003493573	930
314	49.12249251577004	9.210613621596906	94
315	49.12228816208704	9.211376862624567	403
316	49.1227928219906	9.211080777805973	26
317	49.122286178378246	9.210723977062253	751
318	49.122943785425505	9.21112199351228	290
319	49.122561348800254	9.21091052867658	861
320	49.12268666633538	9.211413666560611	671
321	49.12235373784354	9.211178649211673	635
322	49.122706349041955	9.210550541812593	144
323	49.12267221757663	9.21038557601447	166
324	49.12258077292152	9.21087014311149	786
325	49.12270120413191	9.211109239198224	886
326	49.122351691848095	9.210539452938422	689
327	49.12223503680567	9.210877448930212	975
328	49.122707056692825	9.210585376350162	97
329	49.12284731343116	9.211272968569595	297
330	49.122605666296295	9.210929433592291	748
331	49.12259689105809	9.211015180324138	476
332	49.12272893860426	9.211566051916616	32
333	49.12174872223186	9.211139148884001	917
334	49.12234380435239	9.210515125452371	243
335	49.12282365919882	9.211042567324558	414
336	49.122923255302126	9.210805232966461	484
337	49.12276391929826	9.210937489921854	835
338	49.12301277980348	9.210456984457817	60
339	49.12234718886616	9.210911121379075	332
340	49.122405506685915	9.211058319276601	5
341	49.122842268829515	9.21085358138926	85
342	49.122789693125235	9.210695376993169	199
343	49.12280567228482	9.21067621364948	392
344	49.12219672826325	9.211104683408974	251
345	49.12323903492762	9.210696524171855	315
346	49.12263695396873	9.211134954545287	690
347	49.12251292215952	9.211560449162453	543
348	49.12270496504412	9.21107292343777	249
349	49.122146841684255	9.211353997858062	539
350	49.1228163767687	9.210778849082347	567
351	49.12308129490778	9.210805041481787	782
352	49.122926842496554	9.210548513085806	555
353	49.12263738634136	9.21114967849278	103
354	49.12293409019829	9.210797692664643	679
355	49.12246213623867	9.210437973342279	496
356	49.122493631182394	9.210628587512096	263
357	49.12258648122385	9.2105046065005	151
358	49.12315344409986	9.211136810872116	426
359	49.12298028102	9.21074196984132	941
360	49.12265029404066	9.210762873035295	182
361	49.12267017026438	9.210684815195805	717
362	49.122198789212945	9.210791895124105	543
363	49.12275561284104	9.210931906306744	361
364	49.12269715506039	9.210594286245508	333
365	49.122824477269184	9.210885647997351	856
366	49.12258338542637	9.211284245253111	975
367	49.122625156536635	9.211056586786633	777
368	49.123142182182974	9.211287437692667	607
369	49.12264957555796	9.211085102096325	134
370	49.12271355934523	9.210461526690958	338
371	49.12293728725745	9.210578706422385	541
372	49.122338640125975	9.210690372619139	121
373	49.12325489762901	9.211193669443531	414
374	49.122119308154204	9.21090217677151	206
375	49.12289531612738	9.210616073804804	69
376	49.12223646682952	9.210956950558698	94
377	49.12267504214512	9.211402453499403	205
378	49.12284868228005	9.211137447762837	883
379	49.12298389196768	9.211169298152956	868
380	49.12296608302788	9.21078699689962	107
381	49.12263346552916	9.211239301834128	72
382	49.12240279010641	9.210913598699825	288
383	49.12307725585146	9.210750110460296	836
384	49.12224400347753	9.21083444157427	48
385	49.1226556164501	9.210911566493744	270
386	49.12303058392732	9.21118484416917	505
387	49.12289557483949	9.210973040029872	188
388	49.12256228342409	9.210957168361354	176
389	49.12290086441967	9.210758654887705	67
390	49.12274658476409	9.211120933873099	729
391	49.122399602612205	9.211319647267828	329
392	49.12250908678193	9.211254057129445	169
393	49.12311062483547	9.210502034286414	993
394	49.1225303658814	9.21158415855738	962
395	49.12283761256108	9.210634247156845	820
396	49.122484261394725	9.210702946474553	915
397	49.122491322406276	9.210887264278112	282
398	49.12237564361145	9.21100204353855	799
399	49.122641621013265	9.210984344816595	805
400	49.12269699982966	9.21089100230573	663
401	49.122705525767465	9.21086030897786	336
402	49.12313958794974	9.21113535487886	41
403	49.12276134327411	9.210484209311241	265
404	49.12320260193809	9.211378754759293	27
405	49.12203681898121	9.211021402437243	781
406	49.12324710587047	9.211082791271009	682
407	49.12274215213679	9.21074481338976	420
408	49.12256850081318	9.210947211273973	240
409	49.12231858049637	9.210765233753111	527
410	49.123007078848566	9.210760151395071	238
411	49.122680102659686	9.210281037355445	210
412	49.12266086882268	9.21078515521375	811
413	49.12231647473391	9.210995954069803	872
414	49.122930817018535	9.210771038996459	454
415	49.122738430272264	9.210953556704823	837
416	49.12233253136944	9.210277321363854	797
417	49.12248845587513	9.210504509385109	499
418	49.122933515058705	9.21041340330162	892
419	49.12280189249839	9.210996006679258	536
420	49.122857335678134	9.2112314571232	548
421	49.122740547243815	9.21118308593568	289
422	49.12299762709199	9.211077761838414	749
423	49.1228321525624	9.210945021722027	139
424	49.12295936984402	9.210871779597028	768
425	49.122294818774705	9.210986691689062	142
426	49.12284053977963	9.21072036139568	730
427	49.12302164179611	9.211451091219793	737
428	49.122662835536225	9.21073799469958	627
429	49.12266263151153	9.210671431268356	323
430	49.122204631850856	9.21051255238713	898
431	49.12296741398218	9.21141638880465	797
432	49.122630102660615	9.210723490303275	85
433	49.12234666237276	9.210882667057911	864
434	49.12249090503535	9.210994165350632	645
435	49.12274396052587	9.210804437153792	932
436	49.12281635068569	9.210964296278753	440
437	49.12265511608857	9.210749403022856	350
438	49.12257283698269	9.210709796488144	87
439	49.12269461483826	9.211208815341001	290
440	49.12232268478072	9.210030922809533	911
441	49.122502520130766	9.210575206816593	986
442	49.12228672013802	9.210972845960997	715
443	49.1228729105562	9.211348269506466	332
444	49.122627425315905	9.210963676134961	926
445	49.12260121176817	9.210576849646225	902
446	49.12307887454353	9.210768413515526	274
447	49.122418547355124	9.21057794722265	424
448	49.12292644063291	9.21144421878385	304
449	49.12223480006114	9.211295127453788	574
450	49.122582926198504	9.21072178082266	735
451	49.12269679120239	9.21064209620649	439
452	49.12297802559669	9.210768245438333	749
453	49.1226415070987	9.211321674940084	398
454	49.123037666306864	9.211032760314602	895
455	49.122568814852215	9.210873700450955	894
456	49.12259781646543	9.211312183412808	949
457	49.12210824701352	9.211462008895092	173
458	49.122624248128716	9.21103105161801	292
459	49.12289142488315	9.211280204138529	954
460	49.122448335869976	9.210848235406983	135
461	49.122967031012706	9.211103721232243	189
462	49.122740721984535	9.210680203855041	683
463	49.12303521498773	9.210882117549593	433
464	49.12248505417129	9.2105360563042	181
465	49.12285409754276	9.210317330532215	263
466	49.12233235138972	9.210654625776293	278
467	49.12248702037081	9.210951761220738	557
468	49.12311577329721	9.21069738797877	586
469	49.12291900548396	9.210892654345693	416
470	49.12298405015681	9.211044293561796	540
471	49.12185025909442	9.211348484056943	950
472	49.122291469995744	9.211079883237897	218
473	49.12261903950277	9.21093881570388	581
474	49.12241643253581	9.211081058795205	10
475	49.12257521918836	9.210608383284901	186
476	49.12291531499142	9.210844964731901	822
477	49.12263962047886	9.210976633139271	625
478	49.12214787311358	9.21105331907222	272
479	49.12250207520391	9.210764298884733	615
480	49.123224325903294	9.210668186715104	732
481	49.1227070798415	9.210851217352308	204
482	49.122580521648565	9.211128705281192	928
483	49.12355136647348	9.210588855554311	744
484	49.122810352418945	9.210748184763258	647
485	49.12282520515714	9.211136683844876	76
486	49.1223986629364	9.211169728119025	657
487	49.122792798513935	9.210473629027444	645
488	49.12270884483688	9.21116484712748	822
489	49.12268986013241	9.211050371110451	179
490	49.12261482978992	9.21029630931502	553
491	49.12285477648755	9.210757784020037	642
492	49.12298162128525	9.211279823005935	445
493	49.12231621223381	9.21094417619254	159
494	49.122505054651874	9.211466052597965	557
495	49.122876646331584	9.211076163549894	399
496	49.122830029532395	9.210721766259269	710
497	49.12278524369597	9.211176788034148	583
498	49.12303896130797	9.211022803520756	92
499	49.12256666322495	9.211366087113824	378
500	49.14225194537888	9.218600732048001	851
501	49.1421762911527	9.218553318778206	544
502	49.14240682985181	9.218712753979995	158
503	49.142377868540024	9.218695640785304	316
504	49.142353534662085	9.218684536356184	465
505	49.142322757376945	9.218824090041693	853
506	49.14231825118885	9.218597194743387	149
507	49.142135336939454	9.218665514998095	689
508	49.142312984998014	9.218449935596054	770
509	49.14213196636387	9.218766036929614	565
510	49.14207660105468	9.218735346509321	637
511	49.142315048719965	9.218420314300866	42
512	49.14234907386635	9.218633260271734	419
513	49.14236243246029	9.218548182918093	761
514	49.142354829995114	9.218689384850308	492
515	49.14219522846967	9.218653320729402	945
516	49.142274518689874	9.218556893472394	395
517	49.1422068295003	9.218626948226685	385
518	49.14244343062179	9.21869090094781	396
519	49.14216442800023	9.218734101892533	300
520	49.14203442881711	9.218701970638145	334
521	49.142088024956095	9.218751586227427	382
522	49.142289826073025	9.218747354796122	223
523	49.1424827573332	9.218574390020077	581
524	49.14239390838582	9.218391900342114	191
525	49.14242354946323	9.218496821011618	746
526	49.142267615391916	9.218857286575098	772
527	49.14244997089297	9.218525961415047	810
528	49.142387122595665	9.218489897980946	56
529	49.14231728599933	9.21859792734393	286
530	49.142431627268095	9.218558910759018	414
531	49.142335594224086	9.218624891626344	10
532	49.14236585344853	9.218713150849602	816
533	49.142236179785314	9.218698926035366	820
534	49.1422664639209	9.21871370759421	529
535	49.142238646526415	9.21873056608268	550
536	49.14237752338216	9.218600519895327	123
537	49.14218547465183	9.2185639368172	641
538	49.14234798262402	9.218662667331818	615
539	49.14241128170355	9.218666505746196	463
540	49.14244408175891	9.218587280002968	348
541	49.14220009754425	9.218609400720803	359
542	49.14213304583047	9.218586965737599	646
543	49.142264405816164	9.218714948089954	872
544	49.142346847043235	9.218632913672023	576
545	49.14251996647494	9.218738840419704	753
546	49.14220809867211	9.218650884318533	309
547	49.14227465239579	9.218549103607454	161
548	49.14228837012045	9.218784925983792	894
549	49.14225219551379	9.218592545476168	626
550	49.14226403461026	9.21856276639027	106
551	49.14220798889699	9.218548648067411	418
552	49.142267453190534	9.218419401683592	837
553	49.14236275108147	9.218560946379485	878
554	49.14231222919121	9.218728238995482	962
555	49.142535868218175	9.218415135366413	359
556	49.1423126052066	9.218711070533121	334
557	49.14224631831068	9.218450178785908	165
558	49.142317416410144	9.218606432645595	299
559	49.14221220892786	9.218592341287687	821
560	49.14227369236567	9.218707250636417	768
561	49.14215496822696	9.218516778041241	833
562	49.14240206694998	9.218539206808577	178
563	49.14233567771336	9.218615374870687	223
564	49.14222663074809	9.218634334122772	197
565	49.14232426485319	9.218590801351393	417
566	49.14210725261825	9.218587707023937	512
567	49.142518822435164	9.218609130387206	873
568	49.1422612719908	9.218675462063915	34
569	49.1423970801749	9.218645694316066	248
570	49.14225530100091	9.21856835717407	637
571	49.1423504886473	9.2186962942989	785
572	49.142408262586144	9.218829499011582	822
573	49.142010920573654	9.218608308098897	16
574	49.14213453750099	9.218670595483916	826
575	49.14214602620095	9.218573685044168	762
576	49.14230058608769	9.218472730574382	23
577	49.14229815193782	9.218610479919182	661
578	49.14231261403833	9.218521834835931	189
579	49.14240132136658	9.218478985309588	788
580	49.14232036620081	9.218540730471908	920
581	49.1423074549086	9.218681431537698	796
582	49.14235319566854	9.218635019606157	230
583	49.142459850388605	9.218707030875109	703
584	49.14242717024718	9.218663455634013	195
585	49.14223009438319	9.218543641579775	866
586	49.14230055248451	9.218672052772288	705
587	49.14213673343178	9.21867354810893	226
588	49.14232528133596	9.21879584800877	235
589	49.142356816353114	9.218615460818013	713
590	49.142361701588264	9.218886862077264	988
591	49.142381717435356	9.21846632654491	639
592	49.14220289516581	9.21866342949399	949
593	49.142520998628996	9.218658548765802	783
594	49.142371802568576	9.218635584397495	455
595	49.14235420392977	9.218542835566415	758
596	49.14242120696974	9.21853816533705	648
597	49.142230404271345	9.218675240060032	570
598	49.14218044371539	9.218671271387144	447
599	49.14244297499643	9.218748003618257	925
600	49.14135443528624	9.219245262400722	582
601	49.141052398900754	9.219653117522153	360
602	49.141311199312945	9.219661855831122	320
603	49.141553808856614	9.219936084669541	364
604	49.14164725082521	9.219544925288615	24
605	49.141480080513794	9.220176109446596	467
606	49.14136402807962	9.219660123365609	121
607	49.14169987942162	9.219960711769888	445
608	49.141345239654555	9.219718295232177	676
609	49.14134721716223	9.219487991480015	99
610	49.141679888051534	9.219778982999953	370
611	49.141931770264534	9.219716423557697	619
612	49.14170866831933	9.219533012828824	86
613	49.14152437833819	9.219677637805114	665
614	49.14105924159868	9.219479871116436	931
615	49.141323795173285	9.219505646300428	263
616	49.14137102061616	9.219773651862493	851
617	49.141292458838294	9.219484151828778	555
618	49.14152658446238	9.219753783049534	478
619	49.14105457080823	9.219777076250724	731
620	49.14158013248633	9.220202012813408	516
621	49.141488565131425	9.219418584683558	990
622	49.14131755105717	9.22031503288646	311
623	49.14141779701333	9.21943940260247	148
624	49.14114384329885	9.219321861067444	664
625	49.1416074814856	9.219731057430625	84
626	49.140786202632434	9.219553635152707	866
627	49.14178716545183	9.219948232501316	488
628	49.14134935119942	9.219958253919485	244
629	49.141315535638405	9.219700020507442	21
630	49.14142727201656	9.219698333866875	296
631	49.14135813061813	9.219522658588883	347
632	49.141902942095776	9.219711959961993	120
633	49.14142576214986	9.219830057808275	5
634	49.14121220442128	9.219890857055793	936
635	49.141225692038155	9.219666394922424	25
636	49.141608308455815	9.219650991003414	213
637	49.141742533710826	9.219870019929292	591
638	49.141859366694476	9.22004496876169	864
639	49.14166345177655	9.21959357537107	417
640	49.14123797338604	9.220053718011293	459
641	49.141313348038686	9.21998561888136	120
642	49.14107770219717	9.219453516187135	976
643	49.14145580028362	9.21963515186379	273
644	49.141175527118826	9.219550344161215	930
645	49.14107207771428	9.219663802543346	912
646	49.14130378967466	9.219775275262979	453
647	49.141744504614586	9.219609534031559	328
648	49.14090853279913	9.220024975019397	143
649	49.141217051759966	9.219768531720893	994
650	49.141795578582325	9.21986134345631	106
651	49.141151388588035	9.22002074581512	678
652	49.14143204659957	9.220065424676815	168
653	49.14125168790263	9.21956582917681	690
654	49.141786109411186	9.219678018335346	391
655	49.1410332711845	9.219523449263528	539
656	49.1413566320554	9.219962747567195	45
657	49.141078044442494	9.219581609175647	771
658	49.141441403516374	9.219397490070016	512
659	49.14153667791324	9.219362346719977	603
660	49.14139627991379	9.219948175574311	166
661	49.14131175547272	9.219396711001963	170
662	49.14146542685729	9.219888937529953	439
663	49.14105328825393	9.219532635822123	702
664	49.14110906797423	9.220010768205753	336
665	49.14140384857418	9.219530604601603	315
666	49.141197802104415	9.219472697343319	507
667	49.14135708640944	9.219395711580407	633
668	49.1417580688726	9.219585114773267	162
669	49.141008857223134	9.219947503111317	397
670	49.14102552521158	9.219751863555564	37
671	49.141423436512035	9.219891013534747	559
672	49.141425368317805	9.219317559820238	212
673	49.14145539282653	9.219771682593564	713
674	49.14137447388142	9.219813602575686	178
675	49.141359573733105	9.219976082236254	872
676	49.14151401824853	9.22003321193816	296
677	49.14106677371776	9.219974969981491	131
678	49.14153320353218	9.219715888771512	349
679	49.141463059130324	9.219945229243402	29
680	49.141856563677415	9.21934320744997	339
681	49.14114068537362	9.219941372180017	61
682	49.14138546841983	9.219956488036267	205
683	49.14130790398251	9.219615312494573	340
684	49.141121078995525	9.219821828083276	979
685	49.14124300833953	9.219523092953983	697
686	49.141506704204325	9.219640338070601	545
687	49.14143215725433	9.219524092115691	731
688	49.141234225548736	9.220101730178438	438
689	49.1411048987835	9.219814820944908	622
690	49.14149138239849	9.219298426407976	141
691	49.14126269698274	9.219899299641368	892
692	49.141249302962855	9.219550181243603	254
693	49.14123439768819	9.219598659429844	41
694	49.14129551589394	9.219670123665045	834
695	49.14152091453157	9.219387580209727	546
696	49.141608973880906	9.219450980169862	151
697	49.14125324981318	9.219448101447597	847
698	49.14161318077829	9.219297959010143	940
699	49.141456007275735	9.22017742399044	454
700	49.14146584422486	9.219657039504348	540
701	49.14143058886816	9.21962426816228	160
702	49.14150299955221	9.219839949875631	257
703	49.14102462500894	9.220043717267794	157
704	49.14121330301764	9.21963079856618	823
705	49.141381993679225	9.219965192057481	537
706	49.141104243907634	9.21926636584515	657
707	49.141682626635976	9.219825363037685	388
708	49.14162503234512	9.219666122919945	587
709	49.14160988247224	9.219775708761688	498
710	49.1413558753734	9.21973275313101	261
711	49.140938611233786	9.21967154736855	248
712	49.14128464084038	9.220034833740732	345
713	49.14127015173182	9.219971621510208	951
714	49.141724830508394	9.219441870564602	582
715	49.141239887714356	9.219557692371788	418
716	49.141661964257885	9.219799374122534	415
717	49.14131903320769	9.219678323173342	691
718	49.14173619642249	9.219583864503923	701
719	49.14135850214744	9.220113475290713	626
720	49.140897580786145	9.219511947997205	933
721	49.14152922663673	9.219371399456351	368
722	49.14159615488439	9.219458641131459	645
723	49.141930043462814	9.219468254831446	281
724	49.14109323161162	9.219591390180476	660
725	49.14167499822693	9.21976933498525	927
726	49.141680363439505	9.219933402589152	806
727	49.141144709101845	9.21979110391689	202
728	49.141367873297206	9.219946829754008	559
729	49.141247349087564	9.21966955649324	568
730	49.14124527273773	9.219690538976499	950
731	49.1414171641307	9.220418973261957	628
732	49.14122049326667	9.219179664083757	725
733	49.14112294115349	9.219253645428115	514
734	49.141573118934495	9.219692216203368	703
735	49.14151018233056	9.21943089380191	129
736	49.140821503776934	9.21963846141481	375
737	49.141486053234416	9.219342801808594	84
738	49.141568032521775	9.219602663154975	296
739	49.141531611097626	9.219610887178359	371
740	49.14140711222964	9.219491327024556	799
741	49.141365614296355	9.219761834804336	71
742	49.14100876748664	9.219494250355392	240
743	49.14174740014284	9.219914699371547	916
744	49.14135652694395	9.219919223231871	873
745	49.14106983471266	9.219603394110788	627
746	49.14163749174201	9.219199215435431	804
747	49.141505596468306	9.219881400908204	181
748	49.1411461631684	9.219937279750773	721
749	49.141397634051266	9.219623981275346	938
750	49.141502034112726	9.219692932073416	396
751	49.14081592391837	9.2195950186856	278
752	49.14153977988309	9.219564468438795	442
753	49.14144095337021	9.219839252017026	674
754	49.14132213313978	9.21948963835981	180
755	49.14122448050041	9.21936424603142	285
756	49.14139476295106	9.219333053237623	452
757	49.141484497212595	9.220052283685074	267
758	49.14143490069314	9.219614632744209	334
759	49.1416242902016	9.219493934272696	386
760	49.141252281020215	9.219315963709137	683
761	49.14105763138917	9.219953329375794	605
762	49.14111910527765	9.219660988367217	191
763	49.14119229886035	9.219852347020586	498
764	49.14152849580536	9.219429793912814	726
765	49.14171408677537	9.219784474850627	302
766	49.14125369938768	9.21969552193326	628
767	49.14144829704871	9.219189518140706	248
768	49.14144551298328	9.219491630214566	474
769	49.14167503534968	9.219351817741186	277
770	49.14146010890455	9.219927200529861	524
771	49.14141772974472	9.219206653971158	534
772	49.141125188414875	9.220245731646319	778
773	49.14120909192631	9.219138183653586	568
774	49.14119480281185	9.219885117833245	90
775	49.141567893939566	9.21959425868884	860
776	49.141269341628565	9.220192670013883	993
777	49.14116204733735	9.21963970546219	462
778	49.14107113887741	9.219640417523658	64
779	49.14097295344123	9.219746635728045	14
780	49.14128374317803	9.219326833847214	642
781	49.14141015696976	9.219782373301697	410
782	49.14175470603063	9.21992902984117	601
783	49.14128234611347	9.219569977031762	562
784	49.140824977235404	9.220038650650332	275
785	49.1417618425008	9.219462148853559	568
786	49.14145395261658	9.219611294622558	173
787	49.141370172914975	9.219599711475063	647
788	49.14146505033759	9.219773785174219	108
789	49.14133636569857	9.219627456938628	54
790	49.14148484613539	9.219215644270356	142
791	49.14130573530577	9.21978458533	229
792	49.14184385260068	9.219179615141803	38
793	49.14137652420664	9.219428417457832	124
794	49.14158244579013	9.219622878042667	906
795	49.14143864431346	9.220007388456061	89
796	49.14137391694721	9.21969464552448	13
797	49.14171710588747	9.219743746751508	311
798	49.14101433602755	9.21948779988223	248
799	49.14178087733159	9.21971901799499	690
800	49.14134666282586	9.219806110731724	327
801	49.14156161250912	9.219606773109989	891
802	49.1413820773296	9.219639284168096	562
803	49.14074109476507	9.219648862266107	327
804	49.14132483291837	9.219238611513777	200
805	49.14151021836415	9.219294546858633	86
806	49.14183426528781	9.219838817117319	497
807	49.14141317354924	9.220302119241682	802
808	49.141592301265774	9.219324493004214	631
809	49.14160372573544	9.219859827196418	137
810	49.14147100069175	9.21982916200133	334
811	49.141621407497254	9.219876072011216	436
812	49.141057129176	9.219936746820816	917
813	49.14116253373588	9.219387606570011	528
814	49.14142658141304	9.219640239709415	279
815	49.14153525931607	9.219854989737913	11
816	49.140820203642676	9.219794872145195	511
817	49.14181793476727	9.219197329889985	964
818	49.141395837969135	9.219944615472016	895
819	49.14136563638407	9.219759717380311	587
820	49.14167888795292	9.220150121608896	646
821	49.14163532357282	9.219759551692619	53
822	49.14156693527754	9.219292635010056	988
823	49.14157876873492	9.219538731262809	219
824	49.14134384480246	9.219670703836044	276
825	49.141776915240406	9.21985286490344	541
826	49.14194467010489	9.219565129038564	723
827	49.14107259617606	9.21976353759775	643
828	49.141523865677485	9.220143981271635	718
829	49.14163867785714	9.21920067921174	96
830	49.1411291053925	9.219589572009765	265
831	49.1415759050784	9.219821910935712	58
832	49.14098524521684	9.219854523110316	360
833	49.14118119811192	9.21950609128278	292
834	49.141386798410004	9.219834371261225	436
835	49.14155425163722	9.21975164517413	133
836	49.141690283967726	9.219208681429537	858
837	49.141237753218675	9.219832560733275	925
838	49.14145232884723	9.219634375717996	704
839	49.1411310279867	9.219791893499465	675
840	49.14093948175556	9.219742633774977	750
841	49.14137749239577	9.21981701265759	333
842	49.141472188868796	9.219460236049697	666
843	49.141245809231556	9.219623692106113	842
844	49.14184835396459	9.219883336278556	270
845	49.14196379397871	9.219795220582293	268
846	49.141533262503366	9.219855055217801	139
847	49.1413694887887	9.219582224014477	122
848	49.14165296246396	9.219729916589067	406
849	49.14132019684034	9.219814272735613	419
850	49.14080072492382	9.219736107345565	760
851	49.141512678469375	9.219774594533222	558
852	49.14149707494108	9.2194874067067	453
853	49.14111565664276	9.21985363753586	514
854	49.14122187684172	9.219779377145967	753
855	49.141045919861774	9.220234957466777	196
856	49.14141606002897	9.21980006633196	371
857	49.140911858861045	9.219472334927804	942
858	49.141420922660906	9.219901414903193	225
859	49.1414895138123	9.220243997310433	457
860	49.14157788463976	9.219554239887403	422
861	49.14143383135736	9.219576439904401	339
862	49.141400381025264	9.219678545449389	681
863	49.14134832618977	9.21967839905164	100
864	49.14077874816239	9.219963589153238	119
865	49.14159001789161	9.219881099735161	136
866	49.14167850461959	9.2196887659556	475
867	49.14103612453891	9.219941084640698	131
868	49.140774630372896	9.219843763565741	947
869	49.14157510398766	9.219980130902487	556
870	49.141374073824956	9.219703475702419	826
871	49.1414571340105	9.2200493655482	931
872	49.141571079895115	9.219474217624573	936
873	49.141190841494804	9.219784637917833	111
874	49.14168560295862	9.219853530076293	191
875	49.14146476982006	9.219880158497029	34
876	49.14154817086244	9.21984577652154	928
877	49.141185442886034	9.219695960522452	250
878	49.141685697925176	9.219727192233334	699
879	49.14087712079234	9.219741154780936	478
880	49.1413910263316	9.219537296457894	447
881	49.14155470088026	9.219521181321564	340
882	49.14111002003016	9.219581237404494	574
883	49.14129297849459	9.219768687832346	385
884	49.14044758943452	9.219828379998273	160
885	49.14095756139015	9.219420139338997	247
886	49.141201296567885	9.220119163645004	994
887	49.14118706582771	9.219328813740136	144
888	49.14118522787033	9.219729225948354	458
889	49.14142223718536	9.219363983207423	826
890	49.141498806242076	9.21983869465218	145
891	49.14127576450416	9.219762205940981	987
892	49.14147784115825	9.219690020221961	853
893	49.141485464080944	9.219899314716182	833
894	49.14136347429347	9.219916559434969	93
895	49.14098223430399	9.219882642222375	731
896	49.141334080963944	9.219825681446	316
897	49.14132810436288	9.219888423993375	379
898	49.141354524959034	9.219360149532648	368
899	49.141278109711386	9.219689095318362	628
900	49.142951837957234	9.220790058669124	455
901	49.14264610306153	9.221021660510873	564
902	49.142939970672174	9.220812670824891	828
903	49.1430969795906	9.220760691197489	892
904	49.14279927367149	9.220717695016857	669
905	49.142919833681724	9.220783804195634	759
906	49.14283330683862	9.220653805622208	667
907	49.14272583816009	9.22044891698529	296
908	49.143061999709076	9.22062140137988	414
909	49.14349286041766	9.220891822071343	93
910	49.14293668781288	9.221045493800037	258
911	49.14330096398242	9.220554718510442	297
912	49.14286894166221	9.220853122271311	32
913	49.14282470845861	9.220594128072987	547
914	49.14334947539692	9.220693236442512	834
915	49.142788216789825	9.220821059008399	214
916	49.14306966233092	9.221026478135999	494
917	49.14279091977292	9.220824659808043	298
918	49.14300138693356	9.220711581058108	423
919	49.14293917558058	9.220317412736678	876
920	49.143200760897855	9.220700179360579	314
921	49.14314986032924	9.220709556461541	271
922	49.14296457727434	9.220798928066042	888
923	49.14311012474636	9.220678296483966	170
924	49.1434901412645	9.22055360619745	301
925	49.142820714710496	9.220755408861336	511
926	49.142928514883174	9.220859776361301	149
927	49.14299437012658	9.220783833923758	118
928	49.142772970589135	9.22068672330422	712
929	49.14308605061452	9.221003379847842	235
930	49.14242919892278	9.220562699819357	364
931	49.14267327655187	9.22069168994499	84
932	49.142833612927866	9.220756859441332	488
933	49.142935317280134	9.220874099301609	679
934	49.1431424427538	9.220728153684766	376
935	49.14294920494171	9.220972830638935	586
936	49.142892830665545	9.220435663642219	634
937	49.14316291826747	9.220711591882235	233
938	49.14284963732695	9.221006649439682	303
939	49.143013250804955	9.221009195422779	235
940	49.143208727579925	9.220905039074303	475
941	49.14300181206123	9.22064653356804	913
942	49.14273937101012	9.221046207768184	662
943	49.14320151696099	9.220805851491779	1
944	49.14282142643343	9.22085189755453	772
945	49.14307099238158	9.220656776279247	168
946	49.143069871193504	9.220882942682247	956
947	49.142627088561966	9.220922161765888	429
948	49.142884067257796	9.220798188629978	435
949	49.14330672189341	9.220945052163824	318
950	49.14262469508767	9.220522137989425	988
951	49.14265661490057	9.220391846658579	694
952	49.14290729567625	9.220817913160342	343
953	49.14293537301155	9.221061365331119	318
954	49.14320936420166	9.220774276319062	869
955	49.14287972018573	9.22082796495368	920
956	49.14282870773441	9.221077626139977	434
957	49.143347792286484	9.221178047553876	343
958	49.14332298295087	9.220572868039275	97
959	49.143142671307594	9.220536407199784	999
960	49.142829440136836	9.220978035751537	366
961	49.14367737602916	9.220854206759164	165
962	49.143041082405546	9.22054281904527	756
963	49.14314753099543	9.220790046747036	300
964	49.1429678768639	9.220694537933472	69
965	49.14320467579734	9.220840551792465	836
966	49.14309210737699	9.221026289010515	492
967	49.14319165573172	9.220845424249081	728
968	49.14311733105282	9.220800405220995	212
969	49.14285638601264	9.221012773915524	594
970	49.142902653526924	9.220962444895768	482
971	49.14273326220995	9.221157305629486	663
972	49.143157605107085	9.220980974629922	910
973	49.14298441863846	9.221161999810773	851
974	49.14299784588383	9.221213297413222	735
975	49.142874121025955	9.220758115836551	243
976	49.14304051081473	9.221033198523875	91
977	49.14310035783661	9.220796524402363	602
978	49.14356718533995	9.221037744029212	531
979	49.14327273267792	9.22050134892603	278
980	49.1426042164894	9.220851025271354	90
981	49.143155384335486	9.220797761771689	101
982	49.143292509690724	9.22093283538534	255
983	49.14312835834925	9.220984423590007	192
984	49.1430511795187	9.22096406154505	790
985	49.14319018112674	9.220958420055272	950
986	49.14320240618145	9.220892508371048	474
987	49.14304850397914	9.220729273488148	26
988	49.142711676204854	9.220959518603786	904
989	49.14286197353931	9.220889309565829	603
990	49.14272625144923	9.220961103043647	687
991	49.142807992123515	9.220866582191308	61
992	49.14302426790309	9.220461416906986	576
993	49.14273693041139	9.220763184257482	801
994	49.14283511694324	9.220730731920748	602
995	49.143014068639005	9.220888080810735	682
996	49.14337498660044	9.221087414472851	418
997	49.14310970422253	9.220880613316002	205
998	49.14307923010642	9.220829374811505	457
999	49.142935010156364	9.220750338466559	786
1000	49.142264580307604	9.216298784861193	364
1001	49.142201948527926	9.216194040932047	581
1002	49.14212777418663	9.216354553736407	157
1003	49.14223416396326	9.216146442050967	91
1004	49.14229551145659	9.216341731160586	612
1005	49.14237166468718	9.216281637882645	849
1006	49.142131643739916	9.216347374370716	158
1007	49.14222832473144	9.215928530193588	495
1008	49.14223753911129	9.216275005234586	88
1009	49.14215521763175	9.216247070178603	117
1010	49.14209460655039	9.216336685950916	661
1011	49.14222746420079	9.216219306737084	876
1012	49.14223299192738	9.21633969869895	918
1013	49.142304746939914	9.21644529943228	757
1014	49.14223231208146	9.21617713863187	897
1015	49.142277949311605	9.216260082558708	372
1016	49.14217401916688	9.216182432174765	909
1017	49.14214050560531	9.216133830017181	67
1018	49.14235197787124	9.216122293010912	931
1019	49.142242621760744	9.216186975276026	258
1020	49.14211381191592	9.216222839375519	27
1021	49.142360538066164	9.216175643364299	829
1022	49.14196921281741	9.216092081314494	32
1023	49.142229269413164	9.216237591041672	524
1024	49.1422090127553	9.21629100866456	875
1025	49.14229662432621	9.21616564848706	400
1026	49.142349981778736	9.216316181904078	789
1027	49.14211780463588	9.216297826617419	55
1028	49.142128180850065	9.216368257803762	17
1029	49.1421803914902	9.216199373617394	979
1030	49.1422389451594	9.216236397264593	841
1031	49.14218656016831	9.21629958389229	924
1032	49.14203567005279	9.216278560041093	280
1033	49.142381922615854	9.21614097881654	360
1034	49.14204281957603	9.216201665512292	342
1035	49.14230674651449	9.216128712271413	525
1036	49.142306833743696	9.216243148469253	22
1037	49.14223035327112	9.216556001184784	103
1038	49.142189302518815	9.216153518641992	908
1039	49.14231209498564	9.21626042152137	916
1040	49.14218750531118	9.216264593006663	13
1041	49.14208010746919	9.216455124300106	304
1042	49.14208249523619	9.216260998222365	873
1043	49.142186079823944	9.216242685344222	609
1044	49.14193053019479	9.216212010995417	864
1045	49.14208585167687	9.216188545278293	896
1046	49.14234560958628	9.21621567120392	384
1047	49.14220925690679	9.216248064363612	55
1048	49.14225646179805	9.216308259236142	719
1049	49.14211272120799	9.21624478263969	444
1050	49.14217746917931	9.2163452193207	930
1051	49.14214272939968	9.21613501626583	481
1052	49.14204403015538	9.216407493477575	577
1053	49.14220179024698	9.216196685689187	283
1054	49.14217350746625	9.216151180872885	525
1055	49.1422875470049	9.216254420543626	88
1056	49.142177569017875	9.216209077494144	271
1057	49.14222293664037	9.21632027044866	599
1058	49.142167872619794	9.21630136619987	175
1059	49.142360661479486	9.21645266854604	101
1060	49.14244509684903	9.216387499429503	225
1061	49.14236366058502	9.216335687824516	803
1062	49.14217325754227	9.216258880830255	25
1063	49.14224284417784	9.216250179728593	855
1064	49.1422900672238	9.216160381396087	573
1065	49.142374752258306	9.216182856751056	162
1066	49.14215341297206	9.216063666545757	461
1067	49.142270237744974	9.216185322727705	113
1068	49.142188565979204	9.216466384289316	35
1069	49.142298591648064	9.21642720357706	861
1070	49.142094815138016	9.216272522950796	912
1071	49.14217856638585	9.216313416617561	932
1072	49.142174639904674	9.216316099821139	672
1073	49.14226080944974	9.216233882663484	147
1074	49.14236068056172	9.216230109691853	978
1075	49.14215721257106	9.216269402459806	445
1076	49.142259230032494	9.216159813681466	548
1077	49.14224606636349	9.2162701672165	981
1078	49.1423321665774	9.21612477938791	791
1079	49.14218368811587	9.216171096772529	504
1080	49.14219344168962	9.216053903808143	602
1081	49.142143943791055	9.216192057173457	555
1082	49.142187763276105	9.216106510223122	948
1083	49.14234530026451	9.216013748310447	985
1084	49.14215241580847	9.216165179233787	274
1085	49.14224741129939	9.216201672942168	533
1086	49.14206839243183	9.216274569051178	861
1087	49.14220202062326	9.216306128059287	906
1088	49.14223699135262	9.215973291633414	372
1089	49.1423672737545	9.216279241544644	17
1090	49.142319931635406	9.21619884814382	834
1091	49.14227748795638	9.216383622591794	963
1092	49.14227543081145	9.216313121669103	690
1093	49.14219936416332	9.216084779378372	186
1094	49.14213186603297	9.216295165251015	123
1095	49.142073750981915	9.216285254563665	188
1096	49.142117345305095	9.216310433806779	411
1097	49.142099962199865	9.216149597507329	238
1098	49.14226866612871	9.216178716405336	205
1099	49.14213015385316	9.21625201437276	762
1100	49.142663624398885	9.221365487210296	456
1101	49.142663504473774	9.221375442900326	570
1102	49.14267456593051	9.221373011357626	706
1103	49.14266697284245	9.221361633209584	196
1104	49.14266404525217	9.221391611118385	931
1105	49.14265175192933	9.22134656862946	451
1106	49.142662741056334	9.22134459043021	33
1107	49.14263444336333	9.221369799806952	135
1108	49.1426655412909	9.221376707850595	80
1109	49.142666154626426	9.221377194250223	504
1110	49.14266976792408	9.22137419608835	417
1111	49.14267185237401	9.221389337965569	497
1112	49.14268462980494	9.221363681173774	425
1113	49.1426668845737	9.221370055784092	600
1114	49.142672104565	9.22138824202019	85
1115	49.14176000137753	9.220057524717397	283
1116	49.14173024192298	9.220005074452141	422
1117	49.14164650759112	9.220010423552091	616
1118	49.14170536081481	9.22002403737821	630
1119	49.141734340217745	9.220072662510074	894
1120	49.14176858096527	9.220108236899126	982
1121	49.14163742534384	9.220057054955866	899
1122	49.14160529875075	9.220095718865732	591
1123	49.141699671122375	9.22007115564072	474
1124	49.14177796812096	9.220048192046136	77
1125	49.14173290625792	9.219981299534492	315
1126	49.14165612029554	9.220014096652818	762
1127	49.14166658888744	9.219997561015653	98
1128	49.14173962122519	9.220030594062996	379
1129	49.141750986590964	9.219912777933677	413
1130	49.143725269466	9.20934746943635	607
1131	49.14238193262739	9.207824930968416	618
1132	49.14234470509599	9.208180208567944	637
1133	49.14264233068468	9.208300362631592	371
1134	49.14334350152389	9.207674453725483	883
1135	49.14218432617327	9.208044013068578	53
1136	49.1419624383317	9.208494053033132	483
1137	49.14270263743279	9.208170515501353	862
1138	49.1420509973809	9.207801013154493	212
1139	49.143192532431954	9.208469940513925	687
1140	49.14239433463572	9.207867627803761	775
1141	49.142635174310364	9.209102079424854	119
1142	49.1436630675232	9.20807260707064	308
1143	49.14356496682424	9.207618470515682	242
1144	49.14282468734058	9.207749776596858	296
1145	49.143353197365	9.208986101947295	523
1146	49.142513605460486	9.206806612369176	784
1147	49.14286926803544	9.20810178825453	473
1148	49.14294037420463	9.207774536720763	364
1149	49.14288392015007	9.20869055316543	46
1150	49.1433735196171	9.20855432889493	957
1151	49.143220410966855	9.208478982310801	86
1152	49.142314128795064	9.20872133020813	639
1153	49.1431745457545	9.208399492061261	70
1154	49.14260963020901	9.208102427178712	302
1155	49.14195857117631	9.208432095178933	48
1156	49.14310441623691	9.207875470724447	311
1157	49.142669974499356	9.208460921562335	865
1158	49.14226510066571	9.208267229055792	846
1159	49.14207089910992	9.208394772227209	538
1160	49.142524373042804	9.207826194985534	726
1161	49.14200704828521	9.208674214235781	33
1162	49.14223662560027	9.207682470486393	258
1163	49.14303099766425	9.208730990556427	208
1164	49.14325496070112	9.208185632099577	456
1165	49.14335974919061	9.208222978471692	118
1166	49.142232198812884	9.208391963910657	895
1167	49.14227862249839	9.208847956519104	692
1168	49.14265257525339	9.208531028833765	270
1169	49.14257904884998	9.207688520765375	555
1170	49.14292068515092	9.208687085939356	369
1171	49.142975938369005	9.20817464571976	208
1172	49.142281090290645	9.208855695191767	199
1173	49.142643443795315	9.207787062543373	134
1174	49.14249937345931	9.207477552030632	196
1175	49.14327358090192	9.209574484848858	310
1176	49.14273651463101	9.207832358452324	670
1177	49.141911632918095	9.208110247503814	67
1178	49.141955399351794	9.208421991567826	683
1179	49.14261942477803	9.207928435769377	583
1180	49.14319610008343	9.20876931950961	915
1181	49.14285147220611	9.208882027889564	789
1182	49.14249051160769	9.208625555665392	845
1183	49.142510951891545	9.20803225514922	686
1184	49.1431044717511	9.208367324322854	411
1185	49.141938766290565	9.207830190636127	567
1186	49.14239820927372	9.208422057614042	629
1187	49.142926004571216	9.208668344320897	586
1188	49.14283274323971	9.20872938671642	250
1189	49.14290082807867	9.208213040997988	878
1190	49.14258736504553	9.208730967020099	141
1191	49.142191878559416	9.208437498034067	929
1192	49.143215197104105	9.20832030892273	51
1193	49.143014364305216	9.208948669641977	638
1194	49.14306129397432	9.2073899614461	215
1195	49.142636169293134	9.208630106078962	447
1196	49.14283570732631	9.208544492691152	8
1197	49.14206004458488	9.208061958546237	367
1198	49.14210422866662	9.207637383860876	801
1199	49.14294356680781	9.207764392036172	32
1200	49.142709694151186	9.208060509117196	612
1201	49.142274384990685	9.208086213738865	257
1202	49.142579868869745	9.208824771473672	858
1203	49.14410423992305	9.208798728798747	997
1204	49.142880761237684	9.208058580045716	640
1205	49.14315261340189	9.20827608375366	459
1206	49.14257862025179	9.208427138166076	366
1207	49.142663913414374	9.208214662586943	156
1208	49.142456145288136	9.209025352236626	989
1209	49.14249792885401	9.207655324397047	721
1210	49.14393087946213	9.207644912645641	165
1211	49.14312528072338	9.207951073002274	226
1212	49.1426460615505	9.20870364728723	96
1213	49.14339564285483	9.208546621953396	551
1214	49.1426769855047	9.208703191850322	190
1215	49.14242706862618	9.209103688842356	834
1216	49.1426038878573	9.208568215400737	898
1217	49.142039805088736	9.207823500525029	146
1218	49.14242746350304	9.208714148164553	600
1219	49.1430442322322	9.208932750104069	173
1220	49.14243227487172	9.208560154299526	189
1221	49.14297476400255	9.20806564235274	153
1222	49.14269707592209	9.208641693942036	406
1223	49.142542601959725	9.208623299782822	887
1224	49.14256965288943	9.207969092432762	867
1225	49.143154860640436	9.208344501083232	221
1226	49.14346573938401	9.209121317908293	410
1227	49.14266928521503	9.208519993422026	447
1228	49.143177672918895	9.208510106925981	382
1229	49.142614115194064	9.208042916994673	89
