id;latitude;longitude;total_count;city;location;date_time
1157;49.1428609384503;9.208501594644860;31;Heilbronn;Central Station;01.11.23 00:18
358;49.12256575414840;9.211436359763540;144;Heilbronn;HHN;01.11.23 00:35
761;49.14168119399630;9.219674356021500;167;Heilbronn;Kiliansplace;01.11.23 01:03
795;491.41514640282600;9.219610044600760;175;Heilbronn;Kiliansplace;01.11.23 01:55
269;49.12279773815180;9.210804228289560;84;Heilbronn;HHN;01.11.23 02:46
33;49.12269690963300;9.210831771185380;87;Heilbronn;HHN;01.11.23 02:52
963;491.42760579294800;9.220693386138610;172;Heilbronn;Portmarket;01.11.23 02:55
1212;49.1430273076182;9.208232115964160;31;Heilbronn;Central Station;01.11.23 03:16
937;49.14299245005920;9.220715304388850;1;Heilbronn;Portmarket;01.11.23 03:31
848;49.14064392327810;9.219242219471220;96;Heilbronn;Kiliansplace;01.11.23 03:51
344;491.22840388315600;9.210629721248440;187;Heilbronn;HHN;01.11.23 03:53
952;491.43224477972200;9.22087780974881;52;Heilbronn;Portmarket;01.11.23 04:11
690;491.41241166316800;9.21963035356619;189;Heilbronn;Kiliansplace;01.11.23 04:41
1218;49.14300593870670;9.20792228974886;77;Heilbronn;Central Station;01.11.23 04:49
1198;49.14249319963020;9.208379074275440;87;Heilbronn;Central Station;01.11.23 05:10
102;491.23066045306700;9.211116385087220;191;Heilbronn;HHN;01.11.23 05:23
857;49.14158168425420;9.219843916535020;80;Heilbronn;Kiliansplace;01.11.23 05:42
266;49.12282737825430;9.210651175911750;136;Heilbronn;HHN;01.11.23 05:46
530;49.14237798217040;9.218501808951230;77;Heilbronn;Marketplace;01.11.23 05:48
100;49.12241699346740;9.211316900114940;740;Heilbronn;HHN;01.11.23 06:07
1132;49.14301496560640;9.20891724729452;825;Heilbronn;Central Station;01.11.23 06:11
441;49.12280820725810;9.211055571965650;394;Heilbronn;HHN;01.11.23 06:14
1055;49.14216013200730;9.21616495648958;593;Heilbronn;Theatreship;01.11.23 06:16
430;491.23219929362900;9.211069388236860;533;Heilbronn;HHN;01.11.23 06:30
250;491.23147470010200;9.210825914238410;736;Heilbronn;HHN;01.11.23 06:31
1098;491.42270748651400;9.216068305721480;857;Heilbronn;Theatreship;01.11.23 06:35
52;49.12289488217220;9.210585165084700;668;Heilbronn;HHN;01.11.23 06:36
1211;49.14244639268000;9.207544066126020;562;Heilbronn;Central Station;01.11.23 06:50
693;491.41257816940300;9.219888048694760;255;Heilbronn;Kiliansplace;01.11.23 07:04
549;49.14224747623570;9.218582380319990;319;Heilbronn;Marketplace;01.11.23 07:29
426;49.12315762093100;9.211235626099590;831;Heilbronn;HHN;01.11.23 07:37
296;49.12221152213540;9.210535222060540;446;Heilbronn;HHN;01.11.23 07:58
794;49.14085903973210;9.219766350743680;358;Heilbronn;Kiliansplace;01.11.23 08:12
373;49.12289890772350;9.210900016886860;661;Heilbronn;HHN;01.11.23 08:40
181;491.22749247092100;9.211244945477530;919;Heilbronn;HHN;01.11.23 08:41
750;49.14144797285120;9.219814456758090;571;Heilbronn;Kiliansplace;01.11.23 09:08
679;49.14112108664330;9.220295733953480;477;Heilbronn;Kiliansplace;01.11.23 09:09
719;49.14124594629260;9.21946329436304;774;Heilbronn;Kiliansplace;01.11.23 09:17
407;49.12288432629130;9.210518592727310;413;Heilbronn;HHN;01.11.23 09:33
720;49.1412610681169;9.219519410417280;958;Heilbronn;Kiliansplace;01.11.23 09:33
226;49.12273683328560;9.210771586737430;270;Heilbronn;HHN;01.11.23 09:58
372;491.22687738457500;9.210891757206590;395;Heilbronn;HHN;01.11.23 10:42
366;49.1229092850661;9.211113859736140;642;Heilbronn;HHN;01.11.23 10:56
154;49.12285637383120;9.210740264739330;467;Heilbronn;HHN;01.11.23 11:08
592;491.42268950982000;9.218600103649480;886;Heilbronn;Marketplace;01.11.23 11:14
209;49.12281654997120;9.211149287087810;330;Heilbronn;HHN;01.11.23 11:31
294;49.12276071370660;9.210928686807450;328;Heilbronn;HHN;01.11.23 11:33
1050;491.42256631131900;9.216172943407630;440;Heilbronn;Theatreship;01.11.23 11:39
1061;49.14235015287600;9.216475038993660;640;Heilbronn;Theatreship;01.11.23 11:52
239;49.12328575739820;9.210762463842040;263;Heilbronn;HHN;01.11.23 12:03
157;49.12331413781220;9.210386249706320;623;Heilbronn;HHN;01.11.23 12:05
0;491.22983449723400;9.21122836650289;693;Heilbronn;HHN;01.11.23 12:21
23;49.12251483316920;9.211124260704670;257;Heilbronn;HHN;01.11.23 12:22
139;491.22494659634100;9.211393168168200;300;Heilbronn;HHN;01.11.23 12:26
653;49.14141754566940;9.219635487514540;489;Heilbronn;Kiliansplace;01.11.23 12:40
448;49.12196941510800;9.210668031708030;303;Heilbronn;HHN;01.11.23 12:44
415;491.22613995908500;9.211157215576870;795;Heilbronn;HHN;01.11.23 13:05
90;49.12280934367410;9.2108741732492;934;Heilbronn;HHN;01.11.23 13:08
110;491.22897529304300;9.210762616644770;922;Heilbronn;HHN;01.11.23 13:23
973;49.14297116340630;9.221134690865580;913;Heilbronn;Portmarket;01.11.23 13:44
215;49.12307086190050;9.210282812123220;805;Heilbronn;HHN;01.11.23 13:56
166;49.12258110244220;9.210984863029420;673;Heilbronn;HHN;01.11.23 14:01
547;491.42489214491500;9.218757180541900;950;Heilbronn;Marketplace;01.11.23 14:01
599;49.14228414588060;9.218616695500890;713;Heilbronn;Marketplace;01.11.23 14:04
168;49.12250955781860;9.2114077491757;717;Heilbronn;HHN;01.11.23 14:10
135;49.12280339010890;9.210644671756120;826;Heilbronn;HHN;01.11.23 14:25
1214;49.14249954511410;9.207342829720550;753;Heilbronn;Central Station;01.11.23 14:26
877;49.14158452155450;9.219604449754150;759;Heilbronn;Kiliansplace;01.11.23 14:29
176;49.12228878877220;9.211084562513660;752;Heilbronn;HHN;01.11.23 15:02
682;49.14135360070280;9.219785152249290;757;Heilbronn;Kiliansplace;01.11.23 15:33
376;49.12253004326650;9.210709105314260;844;Heilbronn;HHN;01.11.23 15:38
1049;49.14233816966730;9.216193248809610;684;Heilbronn;Theatreship;01.11.23 15:41
954;49.14297905715660;9.220656959784460;576;Heilbronn;Portmarket;01.11.23 17:02
627;49.14164568729180;9.21984562733129;386;Heilbronn;Kiliansplace;01.11.23 17:03
596;491.42169391741300;9.218591224725520;952;Heilbronn;Marketplace;01.11.23 17:18
70;49.12266933886380;9.210534380022630;737;Heilbronn;HHN;01.11.23 17:34
713;491.41579990762900;9.219581266334620;725;Heilbronn;Kiliansplace;01.11.23 18:01
876;49.14166428521100;9.219588554074010;345;Heilbronn;Kiliansplace;01.11.23 18:11
835;49.14140354709040;9.219791773268970;700;Heilbronn;Kiliansplace;01.11.23 19:01
776;49.14118925369660;9.21925667152644;472;Heilbronn;Kiliansplace;01.11.23 19:01
197;491.22438148984000;9.210848781618720;430;Heilbronn;HHN;01.11.23 19:43
255;49.12276858994260;9.211290313960220;643;Heilbronn;HHN;01.11.23 20:08
639;49.14133820617360;9.220023277366740;857;Heilbronn;Kiliansplace;01.11.23 20:13
246;49.12252353019730;9.211000461481130;411;Heilbronn;HHN;01.11.23 20:31
1023;491.42312082511400;9.2161379479177;327;Heilbronn;Theatreship;01.11.23 20:33
1143;491.43543999660400;9.208081051136480;352;Heilbronn;Central Station;01.11.23 20:36
964;49.142954441615;9.220856838141910;700;Heilbronn;Portmarket;01.11.23 20:43
106;49.12260268000950;9.21052365329938;559;Heilbronn;HHN;01.11.23 21:07
1076;49.1422627215795;9.216234667666300;926;Heilbronn;Theatreship;01.11.23 21:49
51;49.1227299388519;9.210891278409840;111;Heilbronn;HHN;02.11.23 00:08
331;49.12255019721810;9.210901113124530;4;Heilbronn;HHN;02.11.23 00:39
610;49.14183855898700;9.219567085236910;42;Heilbronn;Kiliansplace;02.11.23 01:08
163;49.12298774170790;9.211205440526140;90;Heilbronn;HHN;02.11.23 01:12
77;49.12287752689860;9.21090106806906;4;Heilbronn;HHN;02.11.23 01:18
670;49.14151167075570;9.219679026888430;171;Heilbronn;Kiliansplace;02.11.23 01:19
1175;49.1431881130162;9.207214950801540;167;Heilbronn;Central Station;02.11.23 01:46
651;49.14179897556370;9.219577037646140;177;Heilbronn;Kiliansplace;02.11.23 01:57
558;49.142225507181;9.218668855073570;93;Heilbronn;Marketplace;02.11.23 02:41
844;49.1413118548908;9.2199739015021;27;Heilbronn;Kiliansplace;02.11.23 02:50
403;49.12259517782530;9.210369209214200;55;Heilbronn;HHN;02.11.23 03:32
764;49.14137245118670;9.219518601296020;122;Heilbronn;Kiliansplace;02.11.23 03:47
1075;491.42280160005400;9.216415007878400;100;Heilbronn;Theatreship;02.11.23 03:58
149;49.12262963763020;9.211324448781190;45;Heilbronn;HHN;02.11.23 04:13
959;49.14299352595540;9.22093847272626;129;Heilbronn;Portmarket;02.11.23 05:12
723;49.14144452077770;9.219630397891730;57;Heilbronn;Kiliansplace;02.11.23 05:16
869;49.14164989240390;9.219542684488290;118;Heilbronn;Kiliansplace;02.11.23 05:22
295;49.12299907401680;9.210859201409020;18;Heilbronn;HHN;02.11.23 05:26
1006;49.14227195445140;9.216242361460250;734;Heilbronn;Theatreship;02.11.23 06:06
36;491.22572166986200;9.210519505188760;793;Heilbronn;HHN;02.11.23 06:20
191;49.12269799524330;9.210915961911920;504;Heilbronn;HHN;02.11.23 06:21
454;49.12282173586580;9.210467349517400;729;Heilbronn;HHN;02.11.23 06:43
671;49.1414675375407;9.219645916739720;511;Heilbronn;Kiliansplace;02.11.23 06:48
652;49.1415403996814;9.219819043821750;957;Heilbronn;Kiliansplace;02.11.23 07:05
335;491.22412750486500;9.211356562132690;655;Heilbronn;HHN;02.11.23 07:13
727;49.14101596628210;9.219504162421710;408;Heilbronn;Kiliansplace;02.11.23 07:22
334;49.12288697811030;9.21080417994043;288;Heilbronn;HHN;02.11.23 07:32
395;49.12301901104420;9.211107855596360;921;Heilbronn;HHN;02.11.23 07:51
180;491.22457607116600;9.211013751342950;881;Heilbronn;HHN;02.11.23 07:52
1016;49.14212143554210;9.216134721140750;430;Heilbronn;Theatreship;02.11.23 07:55
650;49.14115636642450;9.219696553862610;731;Heilbronn;Kiliansplace;02.11.23 07:59
367;49.12249329743580;9.21075925902083;855;Heilbronn;HHN;02.11.23 08:05
562;491.42409056356400;9.218609843842380;617;Heilbronn;Marketplace;02.11.23 08:12
85;491.22961886123400;9.210803649454150;809;Heilbronn;HHN;02.11.23 08:26
1088;49.14227345585960;9.216318653102920;363;Heilbronn;Theatreship;02.11.23 08:39
389;49.12227505002120;9.211055405446860;683;Heilbronn;HHN;02.11.23 08:39
327;49.12229093737670;9.210563555455900;505;Heilbronn;HHN;02.11.23 08:42
514;49.1424214539869;9.218638610259070;467;Heilbronn;Marketplace;02.11.23 09:24
354;491.22293845949400;9.210743567108130;817;Heilbronn;HHN;02.11.23 09:32
636;491.41166911714200;9.21958759102313;803;Heilbronn;Kiliansplace;02.11.23 09:50
277;49.1227555790768;9.211228510510800;647;Heilbronn;HHN;02.11.23 09:54
1160;49.142665197893;9.208788174186950;958;Heilbronn;Central Station;02.11.23 10:01
1094;49.14210016844300;9.216315995923710;401;Heilbronn;Theatreship;02.11.23 10:26
476;49.1227773412176;9.21124079496029;565;Heilbronn;HHN;02.11.23 10:55
482;491.23080101034100;9.211167161690200;424;Heilbronn;HHN;02.11.23 11:00
148;491.23406921365900;9.210359487554490;400;Heilbronn;HHN;02.11.23 11:31
479;49.12268378058830;9.211194029430240;734;Heilbronn;HHN;02.11.23 12:06
446;491.22933451370400;9.210942957631030;489;Heilbronn;HHN;02.11.23 12:13
905;49.14294050135790;9.220805166353140;321;Heilbronn;Portmarket;02.11.23 12:19
312;491.22764779318300;9.211005329896030;773;Heilbronn;HHN;02.11.23 12:22
262;49.1229745526699;9.210726631806280;557;Heilbronn;HHN;02.11.23 12:31
766;49.14152313996280;9.219750693322300;884;Heilbronn;Kiliansplace;02.11.23 12:44
414;49.12269461758460;9.211293257052260;961;Heilbronn;HHN;02.11.23 12:47
124;49.12267470715770;9.210837821763100;500;Heilbronn;HHN;02.11.23 12:51
1074;491.42249048819300;9.216002395296940;769;Heilbronn;Theatreship;02.11.23 12:59
289;49.12228160140380;9.211181757834380;344;Heilbronn;HHN;02.11.23 13:08
985;49.14266295257620;9.220722375713010;417;Heilbronn;Portmarket;02.11.23 13:42
515;49.14214629990410;9.218650851282940;747;Heilbronn;Marketplace;02.11.23 13:46
809;49.1413839683522;9.220188128819850;301;Heilbronn;Kiliansplace;02.11.23 14:00
1100;49.14266607666080;9.221386725038560;538;Heilbronn;Passage;02.11.23 14:07
975;49.14271169213120;9.22083898579093;664;Heilbronn;Portmarket;02.11.23 14:09
935;49.14306076222230;9.220859923261980;929;Heilbronn;Portmarket;02.11.23 14:19
909;49.1429705929326;9.220761324207800;417;Heilbronn;Portmarket;02.11.23 14:25
382;49.122367201088;9.210697445419150;359;Heilbronn;HHN;02.11.23 14:51
451;491.22640749228000;9.210985060258360;395;Heilbronn;HHN;02.11.23 15:08
1165;49.14296105194510;9.208119762009080;642;Heilbronn;Central Station;02.11.23 15:10
484;49.12250489823970;9.210599436822860;651;Heilbronn;HHN;02.11.23 15:10
60;491.23011724927100;9.210897220418930;571;Heilbronn;HHN;02.11.23 15:11
195;49.12234680053060;9.2105848867197;671;Heilbronn;HHN;02.11.23 15:16
780;49.14154734470880;9.219771479753430;406;Heilbronn;Kiliansplace;02.11.23 15:16
736;49.14148072468100;9.219639305658640;530;Heilbronn;Kiliansplace;02.11.23 15:17
1060;49.14228051740120;9.216390709587870;331;Heilbronn;Theatreship;02.11.23 15:17
958;491.42809351407300;9.220570964825550;941;Heilbronn;Portmarket;02.11.23 15:20
564;49.14214742561070;9.21875166703938;575;Heilbronn;Marketplace;02.11.23 15:41
1186;49.14291538013030;9.208103732399680;354;Heilbronn;Central Station;02.11.23 16:00
417;49.12300867960380;9.21092647052503;305;Heilbronn;HHN;02.11.23 16:04
1224;49.14302292299040;9.208812761798520;821;Heilbronn;Central Station;02.11.23 16:24
594;49.142350655397;9.218662950751340;590;Heilbronn;Marketplace;02.11.23 16:33
860;49.14153739189430;9.219553016832920;926;Heilbronn;Kiliansplace;02.11.23 16:36
1107;49.14266926950240;9.221365761713680;722;Heilbronn;Passage;02.11.23 16:38
1099;49.14217953205370;9.21623750106686;532;Heilbronn;Theatreship;02.11.23 17:04
105;491.22666991448500;9.210475043816270;753;Heilbronn;HHN;02.11.23 17:22
10;491.22656850150800;9.210810642320070;252;Heilbronn;HHN;02.11.23 17:29
559;49.14217419974800;9.218493629179630;637;Heilbronn;Marketplace;02.11.23 17:34
369;491.22444392021600;9.21045109645083;841;Heilbronn;HHN;02.11.23 17:36
86;49.12329572811450;9.210822240133000;376;Heilbronn;HHN;02.11.23 17:40
1058;49.14235240579770;9.21615383622259;918;Heilbronn;Theatreship;02.11.23 17:49
634;49.14140090591490;9.220214183933850;262;Heilbronn;Kiliansplace;02.11.23 17:55
222;491.22969674936600;9.210881051928830;518;Heilbronn;HHN;02.11.23 17:59
111;49.12219355344090;9.211162784595650;530;Heilbronn;HHN;02.11.23 18:39
929;49.14280231062150;9.220709343451980;814;Heilbronn;Portmarket;02.11.23 18:45
1145;491.42341523553800;9.208130450224300;944;Heilbronn;Central Station;02.11.23 18:52
689;49.14149647077670;9.2198079355993;929;Heilbronn;Kiliansplace;02.11.23 18:59
799;49.14107014532460;9.219978995901100;375;Heilbronn;Kiliansplace;02.11.23 19:02
569;491.42327470294000;9.218709069634060;631;Heilbronn;Marketplace;02.11.23 19:23
755;491.41487437157100;9.219563499353490;797;Heilbronn;Kiliansplace;02.11.23 19:49
120;491.22211952482600;9.210947451381660;298;Heilbronn;HHN;02.11.23 20:05
284;491.22362607345800;9.2107267165628;407;Heilbronn;HHN;02.11.23 20:07
620;49.14139383321200;9.219785999361560;390;Heilbronn;Kiliansplace;02.11.23 21:49
187;49.12272999147830;9.211004573013530;757;Heilbronn;HHN;02.11.23 21:50
862;49.14142932247910;9.220072691743470;745;Heilbronn;Kiliansplace;02.11.23 21:51
323;49.12250251076670;9.210850182157550;445;Heilbronn;HHN;02.11.23 21:54
198;49.12229906150150;9.210634158329370;211;Heilbronn;HHN;02.11.23 22:08
208;49.12257055196860;9.210903022739370;235;Heilbronn;HHN;02.11.23 22:50
231;49.12244635868550;9.21063482748028;204;Heilbronn;HHN;02.11.23 23:03
1056;49.14213817372420;9.216301593017010;208;Heilbronn;Theatreship;02.11.23 23:29
485;491.22710492585800;9.211239159623280;230;Heilbronn;HHN;02.11.23 23:45
916;49.14307460704390;9.22075298210859;75;Heilbronn;Portmarket;03.11.23 00:08
777;491.41489110530000;9.219834058740900;9;Heilbronn;Kiliansplace;03.11.23 00:14
702;491.41197284448700;9.219907490325550;136;Heilbronn;Kiliansplace;03.11.23 00:17
341;491.22154567820100;9.21063242088549;9;Heilbronn;HHN;03.11.23 00:37
167;49.12256118366400;9.210471855149020;95;Heilbronn;HHN;03.11.23 00:42
506;49.14241438169950;9.21868536706047;157;Heilbronn;Marketplace;03.11.23 01:02
44;491.22274698310100;9.210560716299550;27;Heilbronn;HHN;03.11.23 01:21
721;49.14122782944960;9.219939759433100;179;Heilbronn;Kiliansplace;03.11.23 01:41
655;491.41365046232500;9.219719740714940;34;Heilbronn;Kiliansplace;03.11.23 01:50
995;49.14309792119800;9.221162135653420;79;Heilbronn;Portmarket;03.11.23 02:29
633;491.41066637700600;9.21995176309643;19;Heilbronn;Kiliansplace;03.11.23 02:57
541;49.14229482718740;9.21874735310774;91;Heilbronn;Marketplace;03.11.23 03:08
210;491.22867222479400;9.211256914620820;82;Heilbronn;HHN;03.11.23 03:09
380;49.12273014760740;9.210769556734210;126;Heilbronn;HHN;03.11.23 03:15
387;49.12250973202590;9.21163905907455;10;Heilbronn;HHN;03.11.23 03:17
1081;49.14203811704240;9.21609374214603;71;Heilbronn;Theatreship;03.11.23 03:18
520;49.14231191981090;9.218737743036810;40;Heilbronn;Marketplace;03.11.23 03:29
1;491.22994776412300;9.210741245171450;74;Heilbronn;HHN;03.11.23 03:41
1134;49.14255455006670;9.208309685551450;176;Heilbronn;Central Station;03.11.23 03:44
257;491.22954603371200;9.211198975066230;123;Heilbronn;HHN;03.11.23 03:57
552;49.14204652058920;9.21874539726649;80;Heilbronn;Marketplace;03.11.23 04:16
352;49.12286174704900;9.2109516063662;150;Heilbronn;HHN;03.11.23 04:23
22;491.22751911149400;9.21124033219729;75;Heilbronn;HHN;03.11.23 04:54
95;491.22437380992100;9.211294566747870;12;Heilbronn;HHN;03.11.23 04:55
274;49.12193612032100;9.210999633820100;139;Heilbronn;HHN;03.11.23 05:14
867;491.41700238574300;9.219400760434170;130;Heilbronn;Kiliansplace;03.11.23 05:29
903;49.14290974023380;9.220592151801190;168;Heilbronn;Portmarket;03.11.23 05:41
1110;49.14265301145370;9.22138549080834;504;Heilbronn;Passage;03.11.23 06:20
866;491.41217629378900;9.219602584761710;963;Heilbronn;Kiliansplace;03.11.23 06:38
753;491.41678332386500;9.219683246790450;745;Heilbronn;Kiliansplace;03.11.23 06:45
126;49.12210436006880;9.210692546288590;450;Heilbronn;HHN;03.11.23 06:51
697;49.14128161483450;9.21919352029647;386;Heilbronn;Kiliansplace;03.11.23 06:58
409;49.12280188259670;9.210896331663180;700;Heilbronn;HHN;03.11.23 07:10
48;49.12261205162460;9.210897181774400;696;Heilbronn;HHN;03.11.23 07:24
915;49.14332476820000;9.220609747516910;823;Heilbronn;Portmarket;03.11.23 07:30
618;49.1413435479036;9.219746323993320;919;Heilbronn;Kiliansplace;03.11.23 07:38
1154;49.14257133092080;9.207528178835460;682;Heilbronn;Central Station;03.11.23 07:53
42;49.1228820809588;9.211206016498170;284;Heilbronn;HHN;03.11.23 08:07
125;491.22357894117700;9.211123460052800;335;Heilbronn;HHN;03.11.23 08:07
602;49.140901705703;9.21980179262915;709;Heilbronn;Kiliansplace;03.11.23 08:13
98;49.12241642197880;9.210886693115170;349;Heilbronn;HHN;03.11.23 08:17
821;49.14175632056370;9.219705039218580;681;Heilbronn;Kiliansplace;03.11.23 08:23
814;49.14137876862370;9.219866977492840;759;Heilbronn;Kiliansplace;03.11.23 08:41
1059;49.14209049654030;9.216006856818390;674;Heilbronn;Theatreship;03.11.23 08:55
73;491.22418781674800;9.210961272847570;926;Heilbronn;HHN;03.11.23 08:56
1196;49.14258557583700;9.208210773873340;899;Heilbronn;Central Station;03.11.23 09:07
224;49.12250579376120;9.210453081276950;402;Heilbronn;HHN;03.11.23 09:30
169;49.12269442667010;9.211158519504920;677;Heilbronn;HHN;03.11.23 09:36
35;49.12276432307340;9.2108146873723;458;Heilbronn;HHN;03.11.23 09:56
1010;49.14212751962990;9.216200283534720;788;Heilbronn;Theatreship;03.11.23 10:05
830;49.14142055489790;9.21993847921482;637;Heilbronn;Kiliansplace;03.11.23 10:20
161;49.12231163780830;9.210897788479350;295;Heilbronn;HHN;03.11.23 10:29
496;49.12218019393030;9.210385512919310;737;Heilbronn;HHN;03.11.23 10:44
272;491.22193593380000;9.21094704371835;705;Heilbronn;HHN;03.11.23 10:45
836;49.14161447077460;9.21965075584351;862;Heilbronn;Kiliansplace;03.11.23 11:24
478;49.12266778148220;9.21048803240319;518;Heilbronn;HHN;03.11.23 11:28
883;49.14159489714850;9.220003952734230;642;Heilbronn;Kiliansplace;03.11.23 11:30
114;491.22447026793700;9.21043787122893;866;Heilbronn;HHN;03.11.23 11:33
338;49.12240818100290;9.210809151707910;481;Heilbronn;HHN;03.11.23 11:59
688;491.41468276131700;9.219580547597350;814;Heilbronn;Kiliansplace;03.11.23 12:01
351;49.12277081346310;9.211274700602630;609;Heilbronn;HHN;03.11.23 12:34
299;49.12285611974440;9.21081475310686;928;Heilbronn;HHN;03.11.23 12:43
190;49.12285185215280;9.210839058074890;462;Heilbronn;HHN;03.11.23 12:47
56;49.1224065921963;9.210884510849010;925;Heilbronn;HHN;03.11.23 12:55
748;49.14162980092320;9.21968781868295;423;Heilbronn;Kiliansplace;03.11.23 12:57
669;491.41692311125100;9.219643754135290;790;Heilbronn;Kiliansplace;03.11.23 13:10
467;49.1226643722144;9.210195877399430;539;Heilbronn;HHN;03.11.23 13:17
951;49.14325062449400;9.220716333863350;805;Heilbronn;Portmarket;03.11.23 13:22
94;49.12263114194520;9.211125005835900;836;Heilbronn;HHN;03.11.23 13:24
1213;491.42271927039700;9.20851905431639;803;Heilbronn;Central Station;03.11.23 13:27
775;49.14125380881250;9.219585533151790;345;Heilbronn;Kiliansplace;03.11.23 13:53
202;49.12298318309480;9.211279407682490;546;Heilbronn;HHN;03.11.23 14:05
240;49.12260383831150;9.211273750603090;825;Heilbronn;HHN;03.11.23 14:11
730;49.14135588084280;9.21946720394039;421;Heilbronn;Kiliansplace;03.11.23 14:16
1122;49.14167721404500;9.220008218405570;263;Heilbronn;tram;03.11.23 14:28
858;49.14110262987940;9.219674920063940;616;Heilbronn;Kiliansplace;03.11.23 14:47
359;49.12288888450080;9.210886662772730;508;Heilbronn;HHN;03.11.23 14:48
1194;491.42096222310600;9.208564070989910;504;Heilbronn;Central Station;03.11.23 15:12
1219;49.14263433699820;9.208593505676120;956;Heilbronn;Central Station;03.11.23 15:15
542;49.14220213124470;9.21863348458606;681;Heilbronn;Marketplace;03.11.23 15:27
1116;49.14164564786260;9.220024182445580;690;Heilbronn;tram;03.11.23 16:07
447;491.22842067964500;9.211636645159360;607;Heilbronn;HHN;03.11.23 16:17
370;49.12305672506180;9.211054275497270;519;Heilbronn;HHN;03.11.23 16:24
718;49.14173608151910;9.219897634313010;600;Heilbronn;Kiliansplace;03.11.23 16:31
104;49.12231848908620;9.211217731952630;551;Heilbronn;HHN;03.11.23 16:50
17;491.22818909549500;9.21121209210101;446;Heilbronn;HHN;03.11.23 17:12
54;491.22527926370200;9.21025126881268;611;Heilbronn;HHN;03.11.23 17:29
886;49.14136243338730;9.219629861411720;941;Heilbronn;Kiliansplace;03.11.23 17:34
310;49.12256783978930;9.210621542581360;867;Heilbronn;HHN;03.11.23 17:39
801;49.14166816170880;9.219469839893230;363;Heilbronn;Kiliansplace;03.11.23 17:41
779;491.41293136775200;9.219666868189630;856;Heilbronn;Kiliansplace;03.11.23 17:42
495;49.12265566418060;9.21077240142277;869;Heilbronn;HHN;03.11.23 17:45
1015;49.14217904604500;9.216234492047950;269;Heilbronn;Theatreship;03.11.23 17:49
419;49.12213148194780;9.210663419426770;644;Heilbronn;HHN;03.11.23 17:54
1108;49.1426426062185;9.22135658574987;601;Heilbronn;Passage;03.11.23 17:59
82;491.22792421672400;9.210962559678500;729;Heilbronn;HHN;03.11.23 18:22
248;491.22837559636800;9.211165494165190;254;Heilbronn;HHN;03.11.23 18:26
1142;49.14215774843050;9.208041069350240;829;Heilbronn;Central Station;03.11.23 18:26
846;49.14129765131930;9.219613310122130;574;Heilbronn;Kiliansplace;03.11.23 18:45
143;49.12266360860270;9.211063999133490;905;Heilbronn;HHN;03.11.23 18:50
418;49.12241291883310;9.211224890890280;569;Heilbronn;HHN;03.11.23 19:04
1080;491.42231085877300;9.216084931677450;714;Heilbronn;Theatreship;03.11.23 19:24
238;49.12231751741530;9.21099384620615;839;Heilbronn;HHN;03.11.23 19:42
236;49.12261807342390;9.21110062786193;514;Heilbronn;HHN;03.11.23 19:54
989;491.42910491184600;9.22082015888504;576;Heilbronn;Portmarket;03.11.23 20:10
566;491.42323353331400;9.218833210666800;511;Heilbronn;Marketplace;03.11.23 20:14
375;491.23112771038000;9.210619472481870;424;Heilbronn;HHN;03.11.23 20:23
136;49.12260899263990;9.210728462424840;678;Heilbronn;HHN;03.11.23 20:28
146;49.12259535093540;9.211160969812380;282;Heilbronn;HHN;03.11.23 20:48
127;49.12288291413090;9.21070395974568;856;Heilbronn;HHN;03.11.23 20:54
1131;49.14235862692900;9.20811598355794;735;Heilbronn;Central Station;03.11.23 20:55
362;49.1226939539724;9.210621905323650;427;Heilbronn;HHN;03.11.23 21:09
807;49.1414411675609;9.219808614083150;827;Heilbronn;Kiliansplace;03.11.23 21:13
977;49.14298051272810;9.220550013224760;958;Heilbronn;Portmarket;03.11.23 21:34
845;49.14111344939430;9.21947868124166;705;Heilbronn;Kiliansplace;03.11.23 21:40
453;49.12252837982800;9.210912286676530;373;Heilbronn;HHN;03.11.23 21:48
984;49.14264192640130;9.22087796314494;235;Heilbronn;Portmarket;03.11.23 22:06
510;491.42304855216700;9.218751749469030;205;Heilbronn;Marketplace;03.11.23 22:27
828;49.14117788094380;9.219719151428570;223;Heilbronn;Kiliansplace;03.11.23 22:45
647;49.14139205837480;9.21932868296678;209;Heilbronn;Kiliansplace;03.11.23 22:59
728;49.14130445952450;9.219530224080930;216;Heilbronn;Kiliansplace;03.11.23 23:17
638;49.1410479515427;9.21946835686716;244;Heilbronn;Kiliansplace;03.11.23 23:29
1174;491.42956677628600;9.208318029119630;251;Heilbronn;Central Station;03.11.23 23:31
18;49.12288214207910;9.21085413410403;195;Heilbronn;HHN;03.11.23 23:43
1125;491.41732327740300;9.220012270950180;220;Heilbronn;tram;03.11.23 23:47
71;49.12295665694760;9.210654174550850;221;Heilbronn;HHN;03.11.23 23:51
53;49.12273719388870;9.211214882783940;221;Heilbronn;HHN;03.11.23 23:55
574;49.14238828147200;9.21868833132126;69;Heilbronn;Marketplace;04.11.23 00:11
824;491.41424804789100;9.21961163534646;91;Heilbronn;Kiliansplace;04.11.23 01:12
568;49.14240508008610;9.218541203084640;38;Heilbronn;Marketplace;04.11.23 02:17
137;49.12235262469620;9.211261622526410;64;Heilbronn;HHN;04.11.23 02:29
812;49.14151838817120;9.219584125703600;120;Heilbronn;Kiliansplace;04.11.23 02:30
873;49.14148183279970;9.220203988323920;46;Heilbronn;Kiliansplace;04.11.23 02:30
8;49.12266462974410;9.210945410150530;48;Heilbronn;HHN;04.11.23 02:40
532;49.14227769570790;9.218642834157050;103;Heilbronn;Marketplace;04.11.23 02:54
529;49.14242389453300;9.218498346200590;38;Heilbronn;Marketplace;04.11.23 03:07
978;49.14296280217150;9.221063283079260;112;Heilbronn;Portmarket;04.11.23 03:23
249;491.22510399996000;9.210933654314570;130;Heilbronn;HHN;04.11.23 03:27
878;49.14150070750080;9.219714095014820;139;Heilbronn;Kiliansplace;04.11.23 03:55
1037;491.42162605646700;9.216248017411040;19;Heilbronn;Theatreship;04.11.23 04:28
875;49.14104101473220;9.219590939565130;178;Heilbronn;Kiliansplace;04.11.23 04:48
675;491.41399353157100;9.219859262610310;28;Heilbronn;Kiliansplace;04.11.23 04:51
1193;49.14213471623340;9.207947708277990;161;Heilbronn;Central Station;04.11.23 04:57
677;491.41136422108200;9.219800736664560;128;Heilbronn;Kiliansplace;04.11.23 05:04
892;49.14128343643510;9.219700117752210;28;Heilbronn;Kiliansplace;04.11.23 05:12
333;49.12291278743130;9.210634077649920;169;Heilbronn;HHN;04.11.23 05:13
658;49.14159769074560;9.219817058089820;99;Heilbronn;Kiliansplace;04.11.23 05:14
134;49.12240810371060;9.210708726504320;80;Heilbronn;HHN;04.11.23 05:23
600;491.41419482803300;9.219845484798920;662;Heilbronn;Kiliansplace;04.11.23 06:16
664;49.14168638523680;9.219593961376310;580;Heilbronn;Kiliansplace;04.11.23 06:20
368;49.12277235793370;9.210936876514640;737;Heilbronn;HHN;04.11.23 06:33
1170;491.43123011070300;9.207362012399180;312;Heilbronn;Central Station;04.11.23 06:41
469;491.22558797425500;9.210961358162540;447;Heilbronn;HHN;04.11.23 06:46
813;491.40821561810500;9.219280438699950;691;Heilbronn;Kiliansplace;04.11.23 06:51
365;49.12276187950460;9.211132329125970;326;Heilbronn;HHN;04.11.23 07:00
894;49.14107912670640;9.219951350096100;575;Heilbronn;Kiliansplace;04.11.23 07:09
577;49.14228029162800;9.218626207247010;930;Heilbronn;Marketplace;04.11.23 07:11
856;491.41141747436800;9.220175501194300;420;Heilbronn;Kiliansplace;04.11.23 07:13
1183;49.14247592691100;9.207793343714810;436;Heilbronn;Central Station;04.11.23 07:25
423;49.1226748362414;9.211157185004210;703;Heilbronn;HHN;04.11.23 08:06
804;491.40764220462200;9.219433740473360;946;Heilbronn;Kiliansplace;04.11.23 08:33
921;49.14302118841770;9.220530094626960;270;Heilbronn;Portmarket;04.11.23 08:40
58;49.12226664724480;9.211002150331850;312;Heilbronn;HHN;04.11.23 08:45
412;49.12296905441100;9.211247675088090;394;Heilbronn;HHN;04.11.23 08:59
232;49.1227643004097;9.210896896981000;886;Heilbronn;HHN;04.11.23 09:19
505;49.14242754273130;9.218530559121080;819;Heilbronn;Marketplace;04.11.23 09:34
192;491.22432154550200;9.211011386991550;285;Heilbronn;HHN;04.11.23 09:42
699;49.14161691541100;9.219978092289940;365;Heilbronn;Kiliansplace;04.11.23 09:53
868;491.41233479000100;9.219264767901980;394;Heilbronn;Kiliansplace;04.11.23 09:53
619;49.14145307187720;9.220183566226750;443;Heilbronn;Kiliansplace;04.11.23 10:28
213;49.1227970905534;9.21068304479056;851;Heilbronn;HHN;04.11.23 10:32
611;49.14117847360620;9.219641376244390;745;Heilbronn;Kiliansplace;04.11.23 10:36
205;49.1222461720804;9.210915519484580;698;Heilbronn;HHN;04.11.23 10:42
1189;49.14276414757850;9.208257983821430;926;Heilbronn;Central Station;04.11.23 10:44
1119;49.14175160234790;9.21999967003086;433;Heilbronn;tram;04.11.23 11:00
1195;49.14290774617250;9.207507343102120;724;Heilbronn;Central Station;04.11.23 11:12
401;491.23049042802000;9.210314881823820;634;Heilbronn;HHN;04.11.23 11:33
543;49.14232690341970;9.218695177698440;569;Heilbronn;Marketplace;04.11.23 11:34
706;49.14149662295060;9.219258195067150;504;Heilbronn;Kiliansplace;04.11.23 11:43
825;49.14114098885220;9.2201566229682;965;Heilbronn;Kiliansplace;04.11.23 11:51
998;491.43014666885300;9.220596216223210;707;Heilbronn;Portmarket;04.11.23 12:04
286;491.21988912706500;9.21069442879713;583;Heilbronn;HHN;04.11.23 12:04
1146;491.42452478563300;9.207746019857560;527;Heilbronn;Central Station;04.11.23 12:08
912;49.14294718839690;9.22074373825711;837;Heilbronn;Portmarket;04.11.23 12:17
1018;49.14201349122060;9.216237896137600;316;Heilbronn;Theatreship;04.11.23 12:17
492;49.12290792029340;9.211203578261970;932;Heilbronn;HHN;04.11.23 12:29
816;49.14138362015530;9.219592827931280;908;Heilbronn;Kiliansplace;04.11.23 12:45
645;49.14176258226810;9.219831936007000;270;Heilbronn;Kiliansplace;04.11.23 12:45
306;49.1230575618883;9.210843962112860;873;Heilbronn;HHN;04.11.23 13:09
1086;49.1424610517309;9.216265487349600;379;Heilbronn;Theatreship;04.11.23 13:21
710;49.14160883398560;9.219488985398070;329;Heilbronn;Kiliansplace;04.11.23 13:32
1003;491.42180700756700;9.216308602287050;355;Heilbronn;Theatreship;04.11.23 13:40
537;491.42273710882800;9.21864962467664;855;Heilbronn;Marketplace;04.11.23 13:40
84;49.1231152415735;9.210617885614960;338;Heilbronn;HHN;04.11.23 13:50
545;49.14223213655690;9.218846442471840;280;Heilbronn;Marketplace;04.11.23 13:57
304;49.12293893406610;9.210653518077150;282;Heilbronn;HHN;04.11.23 14:13
908;49.14311100950580;9.221020357672830;429;Heilbronn;Portmarket;04.11.23 14:24
770;49.14148764043760;9.219720060081950;848;Heilbronn;Kiliansplace;04.11.23 14:27
957;49.14292093786460;9.220841282767720;803;Heilbronn;Portmarket;04.11.23 14:46
364;49.12278986925160;9.211088132846210;538;Heilbronn;HHN;04.11.23 15:03
1141;49.14269837591290;9.208348338597370;594;Heilbronn;Central Station;04.11.23 15:15
548;49.14221618435260;9.218604761608730;716;Heilbronn;Marketplace;04.11.23 15:17
330;49.1226503297565;9.210808267749190;803;Heilbronn;HHN;04.11.23 15:29
999;491.42876272133800;9.22077569463221;807;Heilbronn;Portmarket;04.11.23 15:34
1163;49.14344514580490;9.207811287512430;492;Heilbronn;Central Station;04.11.23 15:42
434;491.22570068819000;9.210471766617800;951;Heilbronn;HHN;04.11.23 16:09
842;49.14104226977400;9.219845544765370;365;Heilbronn;Kiliansplace;04.11.23 16:13
1014;49.14223707969480;9.216212349074660;833;Heilbronn;Theatreship;04.11.23 16:25
1210;491.42538092798300;9.208859748365590;406;Heilbronn;Central Station;04.11.23 17:09
308;491.22839906652400;9.210802254252790;748;Heilbronn;HHN;04.11.23 17:16
309;49.12221795676390;9.210822318985970;628;Heilbronn;HHN;04.11.23 17:35
189;491.22651482632200;9.21105632109043;615;Heilbronn;HHN;04.11.23 17:41
1123;491.41695119499000;9.220091488595740;428;Heilbronn;tram;04.11.23 17:47
74;49.12242019485460;9.21123930321371;937;Heilbronn;HHN;04.11.23 17:52
1017;49.14217453765860;9.216105127005420;485;Heilbronn;Theatreship;04.11.23 18:00
735;49.14149725381610;9.219574421663240;353;Heilbronn;Kiliansplace;04.11.23 18:03
5;49.12260026217770;9.211060752373020;549;Heilbronn;HHN;04.11.23 18:08
742;491.41589874357100;9.219965225973440;574;Heilbronn;Kiliansplace;04.11.23 18:13
281;49.12243882163510;9.211226262025870;297;Heilbronn;HHN;04.11.23 18:18
378;49.12302705729030;9.21048375721114;610;Heilbronn;HHN;04.11.23 18:21
733;491.41083242733700;9.219635229284180;366;Heilbronn;Kiliansplace;04.11.23 18:31
220;491.23034510928000;9.211097967466030;475;Heilbronn;HHN;04.11.23 18:41
928;49.14308984893900;9.220610923857630;311;Heilbronn;Portmarket;04.11.23 18:51
468;491.22744600849200;9.21079527290761;472;Heilbronn;HHN;04.11.23 19:03
853;49.14173890653780;9.219841039188230;926;Heilbronn;Kiliansplace;04.11.23 19:14
214;49.12242830855620;9.210483308334070;864;Heilbronn;HHN;04.11.23 19:19
660;491.41337397499900;9.219962572038130;628;Heilbronn;Kiliansplace;04.11.23 19:44
654;49.14167159837440;9.219688108026460;294;Heilbronn;Kiliansplace;04.11.23 20:13
219;49.12294752386160;9.210699469257220;751;Heilbronn;HHN;04.11.23 20:20
884;49.1413998186809;9.219699676877570;420;Heilbronn;Kiliansplace;04.11.23 20:23
43;49.12287649758280;9.211045329966550;607;Heilbronn;HHN;04.11.23 20:24
579;49.14211933357540;9.21859253865153;558;Heilbronn;Marketplace;04.11.23 20:37
517;49.14226964384400;9.218717970960480;800;Heilbronn;Marketplace;04.11.23 20:44
673;49.14155156987800;9.219470228067620;653;Heilbronn;Kiliansplace;04.11.23 20:55
314;491.23336151075700;9.210984680953190;525;Heilbronn;HHN;04.11.23 20:58
285;49.12261714115070;9.210806762336130;295;Heilbronn;HHN;04.11.23 20:58
665;491.41546298414000;9.219670240424270;291;Heilbronn;Kiliansplace;04.11.23 21:00
561;49.14226050168040;9.218787998861720;550;Heilbronn;Marketplace;04.11.23 21:08
91;49.12259634379290;9.210555077057990;501;Heilbronn;HHN;04.11.23 21:32
936;49.14304726789490;9.22073098363524;557;Heilbronn;Portmarket;04.11.23 21:39
41;49.12311284618510;9.210821357358720;322;Heilbronn;HHN;04.11.23 21:40
150;491.23149968202200;9.210894207340410;916;Heilbronn;HHN;04.11.23 21:42
685;49.14097730971720;9.21976492160388;733;Heilbronn;Kiliansplace;04.11.23 21:47
1024;491.42427318324800;9.216271208916740;229;Heilbronn;Theatreship;04.11.23 22:31
1012;49.1422165248741;9.216149673504340;226;Heilbronn;Theatreship;04.11.23 23:09
470;49.12275300271310;9.210909312263600;214;Heilbronn;HHN;04.11.23 23:12
1073;49.14226081501040;9.216158393066730;203;Heilbronn;Theatreship;04.11.23 23:24
526;49.14238537045290;9.218471994095500;216;Heilbronn;Marketplace;04.11.23 23:46
444;49.12320298135380;9.211040741707780;220;Heilbronn;HHN;04.11.23 23:51
681;49.1418265230611;9.219571387661060;216;Heilbronn;Kiliansplace;04.11.23 23:52
177;49.12184132423270;9.210783704970100;199;Heilbronn;HHN;04.11.23 23:58
815;49.14152965926740;9.219624964552970;96;Heilbronn;Kiliansplace;05.11.23 00:05
615;49.14136562471500;9.219618979364570;180;Heilbronn;Kiliansplace;05.11.23 00:23
204;49.12228153102330;9.210811749377200;152;Heilbronn;HHN;05.11.23 00:55
622;49.14143210979570;9.219893235878880;50;Heilbronn;Kiliansplace;05.11.23 01:31
656;49.14137254450670;9.219685693200480;157;Heilbronn;Kiliansplace;05.11.23 01:52
920;49.14287044204210;9.220603834462670;24;Heilbronn;Portmarket;05.11.23 01:59
607;49.14110824363820;9.219834114943680;41;Heilbronn;Kiliansplace;05.11.23 02:02
1079;49.14207048927480;9.216093551588260;134;Heilbronn;Theatreship;05.11.23 02:26
712;49.14090692838640;9.219746256313810;32;Heilbronn;Kiliansplace;05.11.23 02:34
729;49.14153613758930;9.219619773763750;147;Heilbronn;Kiliansplace;05.11.23 02:34
172;491.23140153557400;9.210697587302300;137;Heilbronn;HHN;05.11.23 02:53
734;491.40599111922400;9.220023830395820;50;Heilbronn;Kiliansplace;05.11.23 03:25
374;49.12300021513970;9.21093460254363;140;Heilbronn;HHN;05.11.23 03:53
1090;49.14222122688110;9.216188820978590;72;Heilbronn;Theatreship;05.11.23 03:59
278;49.12316419485170;9.21102536736149;173;Heilbronn;HHN;05.11.23 04:58
771;49.1409740516008;9.219677194347950;75;Heilbronn;Kiliansplace;05.11.23 05:00
305;49.12237846354350;9.210841394944470;12;Heilbronn;HHN;05.11.23 05:04
347;49.12238685963030;9.211104193455180;35;Heilbronn;HHN;05.11.23 05:15
789;491.41660446875600;9.219703971091570;58;Heilbronn;Kiliansplace;05.11.23 05:51
93;49.12239627346760;9.211180330435640;286;Heilbronn;HHN;05.11.23 06:07
336;491.22571317678300;9.21070000489027;460;Heilbronn;HHN;05.11.23 06:09
37;491.22385900043700;9.210850348386200;257;Heilbronn;HHN;05.11.23 06:13
640;491.41182391789900;9.219344350001290;668;Heilbronn;Kiliansplace;05.11.23 07:11
834;491.41938171841000;9.220179499432790;484;Heilbronn;Kiliansplace;05.11.23 07:11
1206;49.14229434196700;9.208308828802370;904;Heilbronn;Central Station;05.11.23 08:05
185;49.12242620424020;9.211370626815620;432;Heilbronn;HHN;05.11.23 08:20
267;49.12270673259420;9.21084194753426;900;Heilbronn;HHN;05.11.23 08:21
918;49.14268154830350;9.220983002875430;535;Heilbronn;Portmarket;05.11.23 08:22
216;491.22627151632500;9.210696368886860;480;Heilbronn;HHN;05.11.23 08:35
1111;49.14267183267420;9.221361604510280;892;Heilbronn;Passage;05.11.23 08:39
865;49.14151599605650;9.220045419778250;738;Heilbronn;Kiliansplace;05.11.23 09:12
904;49.14305057583890;9.220741901804360;936;Heilbronn;Portmarket;05.11.23 09:55
107;49.12317435632020;9.210756338859520;361;Heilbronn;HHN;05.11.23 09:58
391;49.12277416442490;9.210611593393420;520;Heilbronn;HHN;05.11.23 10:00
819;49.14208454619570;9.219557818107150;899;Heilbronn;Kiliansplace;05.11.23 10:50
265;49.12287710293640;9.21144324690081;784;Heilbronn;HHN;05.11.23 10:54
603;49.14145687303440;9.219741577124570;504;Heilbronn;Kiliansplace;05.11.23 11:00
982;49.14282975982950;9.22092285482967;542;Heilbronn;Portmarket;05.11.23 11:07
512;49.14232770944510;9.218490326704490;272;Heilbronn;Marketplace;05.11.23 11:23
1051;49.142156067729;9.216115574353440;446;Heilbronn;Theatreship;05.11.23 11:42
12;49.12282824272450;9.210803752672500;483;Heilbronn;HHN;05.11.23 11:48
573;49.14223414354310;9.218734183323020;359;Heilbronn;Marketplace;05.11.23 11:57
800;491.41623713690700;9.21972487461828;747;Heilbronn;Kiliansplace;05.11.23 12:11
953;491.42928912455800;9.220727417033480;660;Heilbronn;Portmarket;05.11.23 12:14
1082;49.1422997613916;9.216277191169170;678;Heilbronn;Theatreship;05.11.23 12:47
818;491.41446097748800;9.21958373749678;890;Heilbronn;Kiliansplace;05.11.23 12:54
371;491.22613926483000;9.211567613190610;423;Heilbronn;HHN;05.11.23 13:15
283;49.12292036664910;9.211107266425020;502;Heilbronn;HHN;05.11.23 13:59
942;491.43204056316900;9.220651220811270;652;Heilbronn;Portmarket;05.11.23 14:02
758;49.141441854417;9.219553320257790;892;Heilbronn;Kiliansplace;05.11.23 14:08
1139;49.14263010607700;9.208414498251620;966;Heilbronn;Central Station;05.11.23 14:15
186;49.12292677282930;9.210752579853860;763;Heilbronn;HHN;05.11.23 14:21
386;491.22752670102000;9.21053944784532;743;Heilbronn;HHN;05.11.23 14:31
203;49.12257175955350;9.211164629729450;331;Heilbronn;HHN;05.11.23 14:41
598;491.42419361850600;9.218797771067510;752;Heilbronn;Marketplace;05.11.23 14:42
282;49.12230670998850;9.211168951389270;255;Heilbronn;HHN;05.11.23 14:43
62;49.12269858578650;9.21045388800363;880;Heilbronn;HHN;05.11.23 14:45
817;49.14121714032220;9.220063251367870;826;Heilbronn;Kiliansplace;05.11.23 14:52
662;491.41361609673500;9.219360150975430;458;Heilbronn;Kiliansplace;05.11.23 14:54
487;491.21968562692200;9.211058716119820;524;Heilbronn;HHN;05.11.23 14:55
896;49.14121474762540;9.220080702115750;277;Heilbronn;Kiliansplace;05.11.23 15:13
96;49.12227548512920;9.210972723070990;833;Heilbronn;HHN;05.11.23 15:29
1103;49.14266642319520;9.221375897276640;447;Heilbronn;Passage;05.11.23 15:34
244;49.12249993695990;9.210651495178030;367;Heilbronn;HHN;05.11.23 15:37
994;49.14300486878050;9.221134569884970;868;Heilbronn;Portmarket;05.11.23 15:43
609;49.14097991144000;9.219803913225420;550;Heilbronn;Kiliansplace;05.11.23 15:46
1144;49.14270497323350;9.208013793122200;261;Heilbronn;Central Station;05.11.23 15:49
428;491.22567511882100;9.210626529811640;829;Heilbronn;HHN;05.11.23 16:13
519;49.14216564695330;9.218660262920360;732;Heilbronn;Marketplace;05.11.23 16:34
122;49.12287798853960;9.210638497749720;438;Heilbronn;HHN;05.11.23 16:58
46;49.12219909718700;9.210415311623570;624;Heilbronn;HHN;05.11.23 17:13
497;49.12268644732470;9.211310992784180;467;Heilbronn;HHN;05.11.23 17:25
159;49.12262155151870;9.210943192900150;530;Heilbronn;HHN;05.11.23 17:32
142;491.22469371732100;9.210863156849650;956;Heilbronn;HHN;05.11.23 17:41
292;49.12240944681390;9.211136380728390;328;Heilbronn;HHN;05.11.23 17:41
527;49.14234516251730;9.218720279127830;553;Heilbronn;Marketplace;05.11.23 17:57
130;49.12300479592030;9.211243024206900;524;Heilbronn;HHN;05.11.23 18:23
667;491.41247337318000;9.219568373861380;324;Heilbronn;Kiliansplace;05.11.23 18:29
590;49.14233172892440;9.218570632605060;843;Heilbronn;Marketplace;05.11.23 18:29
1188;491.42734456933800;9.209142366743620;377;Heilbronn;Central Station;05.11.23 18:36
840;491.41465938871600;9.219739009168590;338;Heilbronn;Kiliansplace;05.11.23 18:44
714;49.14143137385830;9.219620105704470;360;Heilbronn;Kiliansplace;05.11.23 18:46
480;49.12282071907680;9.211424135368050;960;Heilbronn;HHN;05.11.23 18:50
1027;49.14234629024710;9.216273385775200;536;Heilbronn;Theatreship;05.11.23 19:13
55;49.1225391390167;9.2107309219917;736;Heilbronn;HHN;05.11.23 19:31
796;49.14096088359240;9.219957661372880;939;Heilbronn;Kiliansplace;05.11.23 20:00
793;49.14130230376110;9.219893780650740;794;Heilbronn;Kiliansplace;05.11.23 20:03
798;49.14125513137860;9.21977600115186;380;Heilbronn;Kiliansplace;05.11.23 20:26
449;49.12242321060900;9.211257253176190;937;Heilbronn;HHN;05.11.23 20:34
897;49.14108128098660;9.21958406821151;446;Heilbronn;Kiliansplace;05.11.23 20:45
749;49.14155752141720;9.220025579951820;884;Heilbronn;Kiliansplace;05.11.23 21:00
474;49.12304968617250;9.210562916277610;200;Heilbronn;HHN;05.11.23 22:08
297;49.12236437537540;9.21063881774112;242;Heilbronn;HHN;05.11.23 22:25
225;491.22653967705800;9.210688050314760;221;Heilbronn;HHN;05.11.23 22:27
398;491.22178070590600;9.21118917746241;231;Heilbronn;HHN;05.11.23 22:43
933;491.42976571664900;9.220921925726800;239;Heilbronn;Portmarket;05.11.23 22:44
997;491.42740102952800;9.220752404198930;244;Heilbronn;Portmarket;05.11.23 22:54
322;49.12277397993620;9.210803637851020;230;Heilbronn;HHN;05.11.23 22:54
1216;49.14232380445260;9.208695463483880;241;Heilbronn;Central Station;05.11.23 23:31
291;491.23651367709300;9.211003664748490;209;Heilbronn;HHN;05.11.23 23:38
160;491.23095877406400;9.210583416975270;134;Heilbronn;HHN;06.11.23 00:07
1128;49.14169983462960;9.220015219674670;34;Heilbronn;tram;06.11.23 00:19
823;49.14127405436280;9.219730601198800;52;Heilbronn;Kiliansplace;06.11.23 00:41
986;49.14286791141720;9.220728407509050;172;Heilbronn;Portmarket;06.11.23 00:47
490;49.12210749276160;9.210408348681710;92;Heilbronn;HHN;06.11.23 01:09
626;49.14114745865910;9.219756021377100;52;Heilbronn;Kiliansplace;06.11.23 01:21
587;491.42362920160700;9.218656350070600;46;Heilbronn;Marketplace;06.11.23 01:35
301;491.22513525634700;9.210762842492330;54;Heilbronn;HHN;06.11.23 02:33
1042;49.14227393227720;9.21611933283059;115;Heilbronn;Theatreship;06.11.23 02:45
72;49.12290617006890;9.210788596818160;183;Heilbronn;HHN;06.11.23 03:14
19;491.23068972381000;9.211066775628310;102;Heilbronn;HHN;06.11.23 03:19
911;491.42643460551500;9.22102588807692;60;Heilbronn;Portmarket;06.11.23 03:35
290;49.12315200345390;9.210546629482520;107;Heilbronn;HHN;06.11.23 03:57
752;49.14152484845660;9.220003471417700;193;Heilbronn;Kiliansplace;06.11.23 04:06
207;49.12225038733950;9.210732622304820;113;Heilbronn;HHN;06.11.23 04:15
765;49.14154695057500;9.219555809574470;142;Heilbronn;Kiliansplace;06.11.23 04:39
1019;491.42288273797700;9.216357438280980;74;Heilbronn;Theatreship;06.11.23 04:47
502;49.14235067072100;9.218607188564940;104;Heilbronn;Marketplace;06.11.23 04:56
705;49.1415494710995;9.220046691390920;83;Heilbronn;Kiliansplace;06.11.23 05:03
144;49.12276936739760;9.210519337891390;177;Heilbronn;HHN;06.11.23 05:07
28;49.12244444518980;9.211053499578830;65;Heilbronn;HHN;06.11.23 05:17
1035;491.42309552662400;9.216362370534830;96;Heilbronn;Theatreship;06.11.23 05:18
1033;49.14233441534900;9.216185067776040;167;Heilbronn;Theatreship;06.11.23 05:27
913;49.14261254605930;9.220957682187190;104;Heilbronn;Portmarket;06.11.23 05:45
785;49.14194258961710;9.219919089768340;31;Heilbronn;Kiliansplace;06.11.23 05:55
493;49.12253747534930;9.210462150086640;750;Heilbronn;HHN;06.11.23 06:04
1044;49.14223400342880;9.21623570533057;944;Heilbronn;Theatreship;06.11.23 06:08
971;49.1431145315441;9.220787986455260;426;Heilbronn;Portmarket;06.11.23 06:22
850;49.14144432447540;9.21955274812759;817;Heilbronn;Kiliansplace;06.11.23 06:31
303;49.12235180512950;9.21096633826822;844;Heilbronn;HHN;06.11.23 07:08
64;491.22678189342800;9.211245063766110;674;Heilbronn;HHN;06.11.23 07:33
861;491.41472878963300;9.219254379455130;722;Heilbronn;Kiliansplace;06.11.23 07:39
494;491.22784508417000;9.210932038506090;492;Heilbronn;HHN;06.11.23 07:44
1065;49.14229370076530;9.21633611431408;923;Heilbronn;Theatreship;06.11.23 08:01
489;49.12251829579160;9.210902528527160;780;Heilbronn;HHN;06.11.23 08:32
112;49.1230155515796;9.211198583624450;582;Heilbronn;HHN;06.11.23 08:39
925;491.42775128962200;9.22071410646012;807;Heilbronn;Portmarket;06.11.23 09:43
981;49.14285495283970;9.22057758122191;568;Heilbronn;Portmarket;06.11.23 10:08
431;49.12243389144940;9.211682594696000;254;Heilbronn;HHN;06.11.23 10:17
1205;49.14295629650540;9.208561324072190;361;Heilbronn;Central Station;06.11.23 10:28
880;49.14142053481560;9.219911485054340;810;Heilbronn;Kiliansplace;06.11.23 10:32
1191;49.1430861557287;9.208391237772800;274;Heilbronn;Central Station;06.11.23 10:32
551;49.14213413876580;9.218737583053640;966;Heilbronn;Marketplace;06.11.23 10:38
89;49.12266705062470;9.211049163224200;368;Heilbronn;HHN;06.11.23 11:15
521;49.14225118648750;9.218569292014470;265;Heilbronn;Marketplace;06.11.23 11:16
491;49.12289523276640;9.211377291415270;479;Heilbronn;HHN;06.11.23 11:19
663;49.14131990537660;9.21977168197604;888;Heilbronn;Kiliansplace;06.11.23 11:38
97;49.12271885185340;9.210720957358600;458;Heilbronn;HHN;06.11.23 11:39
59;49.12248541445210;9.211509013616090;777;Heilbronn;HHN;06.11.23 12:04
1228;49.14267258474600;9.208747208852910;332;Heilbronn;Central Station;06.11.23 12:15
481;491.22811447277200;9.211575988241530;394;Heilbronn;HHN;06.11.23 12:16
396;49.12263877330820;9.210959796187340;537;Heilbronn;HHN;06.11.23 12:17
632;491.41415249882400;9.219943768774370;388;Heilbronn;Kiliansplace;06.11.23 12:20
385;49.1223062175651;9.211155154455440;828;Heilbronn;HHN;06.11.23 12:24
501;49.14237073385680;9.218567332246910;575;Heilbronn;Marketplace;06.11.23 12:31
792;491.41554348362700;9.21983575669486;523;Heilbronn;Kiliansplace;06.11.23 12:34
30;49.12285832216110;9.210699160010670;748;Heilbronn;HHN;06.11.23 12:38
980;49.1426353431689;9.2208499562988;807;Heilbronn;Portmarket;06.11.23 12:40
145;49.12274453968200;9.211110562407800;330;Heilbronn;HHN;06.11.23 12:52
1030;491.42254387772400;9.216207523712480;598;Heilbronn;Theatreship;06.11.23 12:52
1114;49.14266099156320;9.221382930229790;387;Heilbronn;Passage;06.11.23 12:58
614;49.14106782420270;9.219636833561330;783;Heilbronn;Kiliansplace;06.11.23 13:00
518;49.14232236912950;9.218648845854700;959;Heilbronn;Marketplace;06.11.23 13:03
80;49.12224271021900;9.210968617219460;410;Heilbronn;HHN;06.11.23 13:07
961;49.14306178852450;9.22059522617647;921;Heilbronn;Portmarket;06.11.23 13:08
256;491.22044420324800;9.210988842718760;349;Heilbronn;HHN;06.11.23 13:09
910;491.43155544668400;9.22097423953981;667;Heilbronn;Portmarket;06.11.23 13:18
820;49.14131212219790;9.219558872079720;843;Heilbronn;Kiliansplace;06.11.23 13:44
235;49.12286804627180;9.21114552016828;854;Heilbronn;HHN;06.11.23 13:49
170;49.12321554235670;9.210758096488600;724;Heilbronn;HHN;06.11.23 13:52
508;49.14225761364210;9.21860873849056;320;Heilbronn;Marketplace;06.11.23 14:06
608;49.14120319634220;9.219596194379210;868;Heilbronn;Kiliansplace;06.11.23 14:29
1004;49.1422340478039;9.216203590500880;453;Heilbronn;Theatreship;06.11.23 15:43
1168;491.43271576181600;9.208938143263090;374;Heilbronn;Central Station;06.11.23 15:46
841;49.14140231109880;9.219805611357870;733;Heilbronn;Kiliansplace;06.11.23 15:51
983;491.42983949409800;9.220950536455730;913;Heilbronn;Portmarket;06.11.23 15:53
7;491.22485406690700;9.211038704283350;567;Heilbronn;HHN;06.11.23 16:03
140;49.12270162014000;9.210882879088220;820;Heilbronn;HHN;06.11.23 16:03
754;49.14137445342710;9.219768032607540;654;Heilbronn;Kiliansplace;06.11.23 16:33
151;49.12309243529760;9.21092103025665;849;Heilbronn;HHN;06.11.23 16:45
1063;49.14222387371860;9.216347451177440;259;Heilbronn;Theatreship;06.11.23 16:52
1069;49.142098483534;9.21621581386786;906;Heilbronn;Theatreship;06.11.23 16:54
108;49.12264526451100;9.211015934984770;371;Heilbronn;HHN;06.11.23 17:17
268;49.12339865370960;9.210785426442010;293;Heilbronn;HHN;06.11.23 17:20
1177;49.14187347069310;9.208095198418170;425;Heilbronn;Central Station;06.11.23 17:23
790;49.14126307126310;9.219853723697590;888;Heilbronn;Kiliansplace;06.11.23 17:34
1138;49.14223554049840;9.207647576783160;437;Heilbronn;Central Station;06.11.23 17:59
410;491.22623842202000;9.210522233591830;946;Heilbronn;HHN;06.11.23 18:07
960;49.14266678001790;9.220848487566130;556;Heilbronn;Portmarket;06.11.23 18:29
503;49.14236046758270;9.218595592036560;612;Heilbronn;Marketplace;06.11.23 18:30
698;49.14136414889750;9.219935827566260;371;Heilbronn;Kiliansplace;06.11.23 18:32
930;49.1434591240567;9.220729257531870;503;Heilbronn;Portmarket;06.11.23 18:32
1022;49.14244530030800;9.216138880400600;949;Heilbronn;Theatreship;06.11.23 18:38
337;491.22125774223600;9.21101195306479;476;Heilbronn;HHN;06.11.23 18:45
583;49.14228551919620;9.218630512602010;518;Heilbronn;Marketplace;06.11.23 19:15
525;49.1423150611353;9.21863984350707;680;Heilbronn;Marketplace;06.11.23 20:07
75;491.22294215007700;9.2111120260551;380;Heilbronn;HHN;06.11.23 20:09
1013;49.14220943424790;9.216266521335770;388;Heilbronn;Theatreship;06.11.23 20:10
464;49.1228680668874;9.210722516935100;593;Heilbronn;HHN;06.11.23 20:16
940;49.14290971429430;9.220723250319000;799;Heilbronn;Portmarket;06.11.23 20:27
979;49.14326006678720;9.220449624185560;464;Heilbronn;Portmarket;06.11.23 20:46
182;49.12247988954820;9.21099544497283;718;Heilbronn;HHN;06.11.23 21:00
79;491.22866504750300;9.21100933941744;650;Heilbronn;HHN;06.11.23 21:16
1166;49.14265289409420;9.208152903192710;783;Heilbronn;Central Station;06.11.23 21:22
173;49.12276798431120;9.211507909142410;549;Heilbronn;HHN;06.11.23 21:24
406;491.22555675061500;9.210888834805360;862;Heilbronn;HHN;06.11.23 21:27
152;49.12301551099740;9.210972863713520;198;Heilbronn;HHN;06.11.23 22:14
11;49.12269652865540;9.210657212818920;210;Heilbronn;HHN;06.11.23 22:22
355;49.12271788594100;9.210600067991180;232;Heilbronn;HHN;06.11.23 22:24
805;49.14126565166110;9.219774463960180;228;Heilbronn;Kiliansplace;06.11.23 22:51
1162;49.14300706408060;9.208689393714850;245;Heilbronn;Central Station;06.11.23 23:18
1159;491.42203134091300;9.208412466785140;192;Heilbronn;Central Station;07.11.23 00:06
230;49.12203945355050;9.210091219066590;123;Heilbronn;HHN;07.11.23 00:16
589;491.42289901316500;9.2185922129252;109;Heilbronn;Marketplace;07.11.23 00:30
460;491.22765427895000;9.211057370115160;158;Heilbronn;HHN;07.11.23 01:58
837;491.41343988374000;9.21941422653486;90;Heilbronn;Kiliansplace;07.11.23 02:17
1112;49.14265763710370;9.221373658885610;127;Heilbronn;Passage;07.11.23 02:18
463;49.12266025483160;9.21070815404284;95;Heilbronn;HHN;07.11.23 02:23
553;491.42151280963400;9.218706516260400;22;Heilbronn;Marketplace;07.11.23 02:27
1084;49.14217121636020;9.216269893048860;187;Heilbronn;Theatreship;07.11.23 02:30
969;49.14328175899420;9.220365134200920;127;Heilbronn;Portmarket;07.11.23 02:43
580;49.14234186229430;9.218630442356870;122;Heilbronn;Marketplace;07.11.23 02:46
621;49.14171613563950;9.220114198265910;174;Heilbronn;Kiliansplace;07.11.23 02:48
439;491.22508743110200;9.21053224441993;179;Heilbronn;HHN;07.11.23 02:49
641;49.14131035772530;9.219494696953680;180;Heilbronn;Kiliansplace;07.11.23 03:17
422;49.1227219659407;9.21119676389932;59;Heilbronn;HHN;07.11.23 03:24
316;49.12245473652770;9.210947604059770;19;Heilbronn;HHN;07.11.23 03:29
826;491.41522145916100;9.22006498087671;144;Heilbronn;Kiliansplace;07.11.23 04:12
174;49.12240321695540;9.210691412525810;18;Heilbronn;HHN;07.11.23 04:30
822;49.14125007553540;9.220053760056300;132;Heilbronn;Kiliansplace;07.11.23 04:31
528;491.42502504095400;9.218718798016590;123;Heilbronn;Marketplace;07.11.23 05:14
571;49.14226961529510;9.218565603930120;150;Heilbronn;Marketplace;07.11.23 05:17
711;49.14136078520560;9.21977284799183;76;Heilbronn;Kiliansplace;07.11.23 05:24
342;491.23393569945900;9.210386103602010;140;Heilbronn;HHN;07.11.23 05:34
962;49.14278651538260;9.221161062693700;159;Heilbronn;Portmarket;07.11.23 05:35
888;49.14158434914910;9.219843726613050;287;Heilbronn;Kiliansplace;07.11.23 06:11
188;49.1229701866906;9.210804595651800;786;Heilbronn;HHN;07.11.23 06:13
199;49.1228147906038;9.211569064231220;348;Heilbronn;HHN;07.11.23 06:15
694;49.14177994497810;9.220150196912140;323;Heilbronn;Kiliansplace;07.11.23 06:21
540;49.14209749479460;9.218527322003110;596;Heilbronn;Marketplace;07.11.23 06:45
153;49.12297984454090;9.210200838774860;880;Heilbronn;HHN;07.11.23 07:11
648;49.14166391649680;9.219507574573070;634;Heilbronn;Kiliansplace;07.11.23 07:15
1113;491.42660385320000;9.221390857653950;893;Heilbronn;Passage;07.11.23 07:23
597;49.14239689978850;9.218701138730900;955;Heilbronn;Marketplace;07.11.23 07:27
678;49.14091238762040;9.21942522021003;855;Heilbronn;Kiliansplace;07.11.23 07:46
424;49.12252502992410;9.210640885940870;274;Heilbronn;HHN;07.11.23 08:26
1164;491.41710156158800;9.20838759584431;268;Heilbronn;Central Station;07.11.23 08:28
416;49.12272119790870;9.211177322433070;684;Heilbronn;HHN;07.11.23 08:31
511;491.42346904068900;9.21865841825126;364;Heilbronn;Marketplace;07.11.23 08:33
773;49.14158692155360;9.219381724794410;729;Heilbronn;Kiliansplace;07.11.23 08:41
1085;49.14229373611140;9.216223628114370;511;Heilbronn;Theatreship;07.11.23 08:51
298;49.12244064478960;9.211047352330830;253;Heilbronn;HHN;07.11.23 08:53
321;49.12239829226480;9.210751712815320;563;Heilbronn;HHN;07.11.23 09:07
691;491.40866916017100;9.219942188131580;316;Heilbronn;Kiliansplace;07.11.23 09:07
1032;491.42222632373100;9.216157401873000;433;Heilbronn;Theatreship;07.11.23 09:10
133;49.12252549201050;9.210961414349260;676;Heilbronn;HHN;07.11.23 09:17
854;49.14119964816830;9.22015135244388;637;Heilbronn;Kiliansplace;07.11.23 09:25
1095;49.14209314077080;9.216174688841480;782;Heilbronn;Theatreship;07.11.23 09:26
251;49.12276032589150;9.211016219258730;892;Heilbronn;HHN;07.11.23 09:27
839;491.41239546951300;9.219847418004240;500;Heilbronn;Kiliansplace;07.11.23 09:45
1200;491.42372878637300;9.207905174119730;901;Heilbronn;Central Station;07.11.23 09:54
103;491.22928639804300;9.210782313675420;908;Heilbronn;HHN;07.11.23 09:57
325;49.12282970368010;9.21053495370389;828;Heilbronn;HHN;07.11.23 10:11
601;49.1416262308292;9.219599840132940;607;Heilbronn;Kiliansplace;07.11.23 10:12
581;49.14244087030500;9.218634804662610;602;Heilbronn;Marketplace;07.11.23 10:16
234;49.12247450108250;9.210855209710870;443;Heilbronn;HHN;07.11.23 10:26
1126;491.41692354499800;9.220044206938350;338;Heilbronn;tram;07.11.23 11:04
593;49.14215181043490;9.218477243785030;854;Heilbronn;Marketplace;07.11.23 11:07
575;491.42296429544700;9.218755684298980;752;Heilbronn;Marketplace;07.11.23 11:13
972;491.43009689829400;9.220805369428460;625;Heilbronn;Portmarket;07.11.23 11:29
882;49.1413095262039;9.220329680390160;808;Heilbronn;Kiliansplace;07.11.23 11:46
1038;491.42145561805100;9.216066123774780;409;Heilbronn;Theatreship;07.11.23 11:51
550;49.14231379434890;9.218611235085820;313;Heilbronn;Marketplace;07.11.23 11:57
1217;49.14330807444290;9.208472801611230;292;Heilbronn;Central Station;07.11.23 12:16
1197;49.14251185441920;9.20836797810568;321;Heilbronn;Central Station;07.11.23 12:22
1169;49.14258038910640;9.208289847406690;644;Heilbronn;Central Station;07.11.23 12:36
1092;49.14222276232290;9.216210466741540;736;Heilbronn;Theatreship;07.11.23 12:39
895;49.14133036623650;9.219214344549650;447;Heilbronn;Kiliansplace;07.11.23 13:05
637;49.14114216925580;9.219867551700150;514;Heilbronn;Kiliansplace;07.11.23 13:28
420;491.22470035029000;9.21107084413899;719;Heilbronn;HHN;07.11.23 13:31
1039;49.14219726461430;9.21620856936283;943;Heilbronn;Theatreship;07.11.23 13:43
1215;49.14161914136370;9.209213502792610;693;Heilbronn;Central Station;07.11.23 14:11
811;491.41576200892800;9.21946983368808;711;Heilbronn;Kiliansplace;07.11.23 14:20
509;49.14224281410420;9.218605365266910;887;Heilbronn;Marketplace;07.11.23 14:25
458;491.22858317883600;9.210816345669320;588;Heilbronn;HHN;07.11.23 14:26
432;49.12312603797080;9.21120903584317;823;Heilbronn;HHN;07.11.23 14:38
196;49.12194875180320;9.211191781505740;827;Heilbronn;HHN;07.11.23 14:50
661;49.14108924484880;9.219641630286410;555;Heilbronn;Kiliansplace;07.11.23 15:12
193;49.12281287385990;9.210734193274940;410;Heilbronn;HHN;07.11.23 15:24
576;49.14219747168600;9.218731320005210;776;Heilbronn;Marketplace;07.11.23 15:28
666;491.41380822407800;9.219933178145840;658;Heilbronn;Kiliansplace;07.11.23 15:39
61;49.12233199600180;9.210569165819440;733;Heilbronn;HHN;07.11.23 15:42
279;49.12284472737910;9.21111145238273;412;Heilbronn;HHN;07.11.23 16:09
703;491.41662731045700;9.21992838156049;628;Heilbronn;Kiliansplace;07.11.23 16:09
1190;49.14220789759720;9.208831127768030;334;Heilbronn;Central Station;07.11.23 16:10
646;49.14170237734400;9.219342606257460;803;Heilbronn;Kiliansplace;07.11.23 16:11
113;49.12241868319930;9.211018120656260;304;Heilbronn;HHN;07.11.23 16:12
885;491.41230441427800;9.219786878596480;660;Heilbronn;Kiliansplace;07.11.23 16:21
1179;49.14336934359460;9.20797872260528;680;Heilbronn;Central Station;07.11.23 16:36
1036;49.14226325176600;9.216219210113960;791;Heilbronn;Theatreship;07.11.23 16:57
399;491.23029788536500;9.21062009339818;492;Heilbronn;HHN;07.11.23 17:12
459;491.22705913665000;9.21036450063503;604;Heilbronn;HHN;07.11.23 17:18
109;49.12253240420090;9.211008874629240;723;Heilbronn;HHN;07.11.23 17:33
851;491.40747079940400;9.219386252204780;471;Heilbronn;Kiliansplace;07.11.23 17:35
329;49.12274356510320;9.21082123804003;579;Heilbronn;HHN;07.11.23 17:42
717;49.14092501328860;9.220061706804120;589;Heilbronn;Kiliansplace;07.11.23 17:57
15;49.12244334508260;9.210990531737240;682;Heilbronn;HHN;07.11.23 17:58
644;491.41494932486500;9.219743717865430;499;Heilbronn;Kiliansplace;07.11.23 18:00
914;49.143127053104;9.221067953139990;282;Heilbronn;Portmarket;07.11.23 18:36
967;49.14321348710920;9.220799623756570;561;Heilbronn;Portmarket;07.11.23 18:40
802;49.14159423392170;9.219691533410400;734;Heilbronn;Kiliansplace;07.11.23 18:57
200;49.12273923846280;9.210712890776310;463;Heilbronn;HHN;07.11.23 18:58
128;491.22315527376100;9.211083624757390;471;Heilbronn;HHN;07.11.23 19:03
384;49.12246203880660;9.210553588056000;878;Heilbronn;HHN;07.11.23 19:03
946;491.43091722735000;9.220824307836390;507;Heilbronn;Portmarket;07.11.23 19:52
635;49.14124113642940;9.219947937395870;326;Heilbronn;Kiliansplace;07.11.23 20:20
404;491.22184853276200;9.210158007460780;282;Heilbronn;HHN;07.11.23 20:47
1034;491.42317461491000;9.216315281794750;377;Heilbronn;Theatreship;07.11.23 20:52
1077;49.14215018512540;9.21616003290446;372;Heilbronn;Theatreship;07.11.23 21:38
1106;49.142664499174;9.221369980632280;286;Heilbronn;Passage;07.11.23 21:43
716;49.14122582971740;9.21969152853226;932;Heilbronn;Kiliansplace;07.11.23 21:49
1096;49.14221256703360;9.21619565296177;230;Heilbronn;Theatreship;07.11.23 22:37
993;491.42968047609400;9.220556213170040;222;Heilbronn;Portmarket;07.11.23 22:50
32;49.12274746588700;9.211178695857080;223;Heilbronn;HHN;07.11.23 23:28
696;49.14104354709020;9.219955045715540;15;Heilbronn;Kiliansplace;08.11.23 00:41
565;49.14244888288370;9.218728843414930;32;Heilbronn;Marketplace;08.11.23 00:44
50;49.12258456165350;9.2109024670429;1;Heilbronn;HHN;08.11.23 00:46
381;49.12267874333150;9.210593616607800;33;Heilbronn;HHN;08.11.23 00:56
263;49.12303840007580;9.211061501995020;108;Heilbronn;HHN;08.11.23 01:00
949;491.43081800315400;9.220743944022660;185;Heilbronn;Portmarket;08.11.23 01:00
1083;49.14217470132160;9.21616477168621;56;Heilbronn;Theatreship;08.11.23 01:05
741;49.14124799545200;9.220147130683900;162;Heilbronn;Kiliansplace;08.11.23 01:51
427;49.12318175204560;9.210489190701700;15;Heilbronn;HHN;08.11.23 02:03
229;491.22467705492600;9.210588739204680;38;Heilbronn;HHN;08.11.23 02:29
838;49.14146982971230;9.21953091201611;185;Heilbronn;Kiliansplace;08.11.23 02:49
676;49.14142406633630;9.219454032094920;85;Heilbronn;Kiliansplace;08.11.23 02:55
715;491.41426558574000;9.219440261889510;117;Heilbronn;Kiliansplace;08.11.23 03:55
701;49.14131829540700;9.219626156322360;156;Heilbronn;Kiliansplace;08.11.23 03:57
227;49.12236209857920;9.210734123877300;159;Heilbronn;HHN;08.11.23 04:39
1001;49.14212652848090;9.216213776046720;186;Heilbronn;Theatreship;08.11.23 05:21
891;49.14166823991010;9.219448823344690;108;Heilbronn;Kiliansplace;08.11.23 05:22
1097;49.14201569883050;9.216270329291340;82;Heilbronn;Theatreship;08.11.23 05:24
9;49.12258313479160;9.21099218425318;786;Heilbronn;HHN;08.11.23 06:00
572;491.42176053315000;9.218556003075150;827;Heilbronn;Marketplace;08.11.23 06:01
595;49.14243824958450;9.21847199251422;400;Heilbronn;Marketplace;08.11.23 06:03
317;49.12273679885740;9.211372780878260;472;Heilbronn;HHN;08.11.23 06:25
1220;49.14326769685860;9.208231086207720;890;Heilbronn;Central Station;08.11.23 06:37
350;49.12238128661030;9.210536797130340;754;Heilbronn;HHN;08.11.23 07:01
21;49.12300117992960;9.210385374691750;949;Heilbronn;HHN;08.11.23 07:08
4;491.22721141273700;9.210997403129590;728;Heilbronn;HHN;08.11.23 07:15
588;491.42251583966200;9.218544032036040;272;Heilbronn;Marketplace;08.11.23 07:36
692;49.14167241517430;9.219477554308400;256;Heilbronn;Kiliansplace;08.11.23 08:02
68;491.22912446983600;9.210557116084340;753;Heilbronn;HHN;08.11.23 08:16
332;49.12284591247350;9.210879138999390;347;Heilbronn;HHN;08.11.23 08:26
65;491.22656321181400;9.211006538024140;354;Heilbronn;HHN;08.11.23 08:28
237;49.12246668447330;9.210950157393130;512;Heilbronn;HHN;08.11.23 08:56
155;491.22041615306900;9.211197235662850;677;Heilbronn;HHN;08.11.23 09:18
24;49.12321610783090;9.210107442366990;962;Heilbronn;HHN;08.11.23 09:42
436;491.22981269769200;9.210674241647490;744;Heilbronn;HHN;08.11.23 10:00
138;491.22779857266200;9.210359474973470;648;Heilbronn;HHN;08.11.23 10:04
759;491.41561309138300;9.219964067161840;285;Heilbronn;Kiliansplace;08.11.23 10:13
889;49.14155046532840;9.219879199279440;868;Heilbronn;Kiliansplace;08.11.23 10:45
1153;49.14354963644460;9.207777115879240;660;Heilbronn;Central Station;08.11.23 10:49
616;49.14093693767420;9.219726964224400;550;Heilbronn;Kiliansplace;08.11.23 11:19
25;49.122543752593;9.211244231976680;722;Heilbronn;HHN;08.11.23 11:23
781;49.14156902337000;9.220088675339900;339;Heilbronn;Kiliansplace;08.11.23 11:31
363;49.12253922945180;9.211095365503430;680;Heilbronn;HHN;08.11.23 11:32
623;491.41323288401500;9.219788716355880;684;Heilbronn;Kiliansplace;08.11.23 11:34
252;49.12284283947240;9.21120672692329;933;Heilbronn;HHN;08.11.23 11:43
740;49.14087475112330;9.220099429746850;349;Heilbronn;Kiliansplace;08.11.23 11:48
966;49.14306215207400;9.220870452907300;627;Heilbronn;Portmarket;08.11.23 12:03
1203;49.14204894741350;9.208225085042420;375;Heilbronn;Central Station;08.11.23 12:03
544;49.14219626412900;9.218539016033690;510;Heilbronn;Marketplace;08.11.23 12:08
247;49.12304159263640;9.211038362118560;939;Heilbronn;HHN;08.11.23 12:42
864;49.14150269493220;9.2194294595894;840;Heilbronn;Kiliansplace;08.11.23 12:52
421;491.22423121212700;9.210688531998870;815;Heilbronn;HHN;08.11.23 13:15
538;49.14224887196610;9.21858950747654;634;Heilbronn;Marketplace;08.11.23 13:34
442;491.22550577889500;9.210380568299720;658;Heilbronn;HHN;08.11.23 13:35
132;49.12227874541440;9.210974081951830;952;Heilbronn;HHN;08.11.23 13:54
499;49.12206930093120;9.211001685020800;944;Heilbronn;HHN;08.11.23 14:06
293;49.12263223641340;9.210136566166390;349;Heilbronn;HHN;08.11.23 14:07
194;491.22747843668700;9.211066431362920;598;Heilbronn;HHN;08.11.23 14:11
1070;491.42409128721800;9.216228107559590;524;Heilbronn;Theatreship;08.11.23 15:05
950;49.14296241533370;9.220552155116890;454;Heilbronn;Portmarket;08.11.23 15:25
1176;49.14222102572680;9.207612999701500;339;Heilbronn;Central Station;08.11.23 15:34
473;491.22246979473400;9.210342174273580;511;Heilbronn;HHN;08.11.23 16:00
613;49.14132013361090;9.2199760156046;428;Heilbronn;Kiliansplace;08.11.23 16:18
313;491.22915062538500;9.210647634864250;289;Heilbronn;HHN;08.11.23 16:48
158;491.22909316933700;9.210975961310110;392;Heilbronn;HHN;08.11.23 16:49
218;49.12279008691310;9.210912169273650;850;Heilbronn;HHN;08.11.23 17:01
630;49.14176115124900;9.219698389856840;759;Heilbronn;Kiliansplace;08.11.23 17:18
534;491.41949261347700;9.218520215898780;926;Heilbronn;Marketplace;08.11.23 17:22
772;49.14135447243080;9.219539418098790;545;Heilbronn;Kiliansplace;08.11.23 17:31
1135;49.1420122464442;9.208183700655060;674;Heilbronn;Central Station;08.11.23 17:38
557;491.42205943907200;9.218588372939310;295;Heilbronn;Marketplace;08.11.23 17:53
642;491.41070797331200;9.219669238545200;317;Heilbronn;Kiliansplace;08.11.23 17:55
456;49.12290280234520;9.211489184696310;795;Heilbronn;HHN;08.11.23 18:48
450;491.22568830753100;9.210813985813800;921;Heilbronn;HHN;08.11.23 18:54
991;49.14331604962670;9.220775901538300;500;Heilbronn;Portmarket;08.11.23 18:58
783;49.14081723512350;9.219529535822290;458;Heilbronn;Kiliansplace;08.11.23 19:00
241;49.12265869919670;9.210953104840270;330;Heilbronn;HHN;08.11.23 19:09
6;49.12244772513780;9.210441830006450;612;Heilbronn;HHN;08.11.23 19:14
315;49.12328585555240;9.210963624288600;668;Heilbronn;HHN;08.11.23 19:50
907;49.14323749036650;9.220956825925060;824;Heilbronn;Portmarket;08.11.23 20:21
1031;49.14223525777450;9.216209270071760;354;Heilbronn;Theatreship;08.11.23 20:23
123;491.22709342257400;9.210833433253170;741;Heilbronn;HHN;08.11.23 20:38
49;49.12254078332380;9.21122089055773;399;Heilbronn;HHN;08.11.23 20:42
92;491.22283421920700;9.210617533481570;919;Heilbronn;HHN;08.11.23 20:51
555;49.14228783357740;9.218701025607240;687;Heilbronn;Marketplace;08.11.23 21:04
117;49.12280433547810;9.211387766164600;509;Heilbronn;HHN;08.11.23 21:34
147;49.12258710524020;9.210520393757460;374;Heilbronn;HHN;08.11.23 21:41
47;49.12267726943840;9.211239863698030;221;Heilbronn;HHN;08.11.23 22:03
1124;49.14174181333590;9.220025060575540;235;Heilbronn;tram;08.11.23 22:07
787;49.14130722924070;9.219452931645050;207;Heilbronn;Kiliansplace;08.11.23 23:21
319;49.12262158456240;9.210462556073200;206;Heilbronn;HHN;08.11.23 23:26
264;491.22174323288600;9.210975386463550;225;Heilbronn;HHN;08.11.23 23:38
1000;491.42373592896100;9.216152242311260;248;Heilbronn;Theatreship;08.11.23 23:57
535;491.42180409673600;9.218576649865820;183;Heilbronn;Marketplace;09.11.23 00:00
1002;49.14225176789460;9.216231224930680;53;Heilbronn;Theatreship;09.11.23 00:06
1147;49.14337130047480;9.209112960343870;111;Heilbronn;Central Station;09.11.23 00:33
1129;49.14170341703980;9.22007301728556;179;Heilbronn;tram;09.11.23 00:43
1201;49.14224348307950;9.208937711336150;115;Heilbronn;Central Station;09.11.23 00:58
361;49.1226032584685;9.210919336930090;34;Heilbronn;HHN;09.11.23 01:03
13;49.12299946609480;9.210799132455160;56;Heilbronn;HHN;09.11.23 01:07
523;49.14231627080210;9.218413033860980;71;Heilbronn;Marketplace;09.11.23 01:45
348;49.12245846311030;9.211272319509440;93;Heilbronn;HHN;09.11.23 02:19
539;49.14231423329270;9.21871314086149;186;Heilbronn;Marketplace;09.11.23 02:22
1192;49.14330925954870;9.20763887816456;47;Heilbronn;Central Station;09.11.23 02:46
1068;49.14216336628610;9.216263165970940;7;Heilbronn;Theatreship;09.11.23 02:47
791;49.14112882720920;9.219968390027510;18;Heilbronn;Kiliansplace;09.11.23 03:09
475;49.12329251775110;9.211036205193430;25;Heilbronn;HHN;09.11.23 03:18
400;491.22179445618700;9.21131857782701;87;Heilbronn;HHN;09.11.23 03:24
1072;49.1421642790694;9.21615913489298;58;Heilbronn;Theatreship;09.11.23 03:46
455;49.12202298577080;9.210358011948240;150;Heilbronn;HHN;09.11.23 04:07
343;491.23288941341200;9.210751540354590;43;Heilbronn;HHN;09.11.23 04:22
797;49.14154834994450;9.22008196574205;19;Heilbronn;Kiliansplace;09.11.23 04:51
179;49.12204890272100;9.210998440782190;65;Heilbronn;HHN;09.11.23 04:58
899;49.141670909281;9.220507163785540;158;Heilbronn;Kiliansplace;09.11.23 05:09
743;49.14179830839550;9.21926894895363;46;Heilbronn;Kiliansplace;09.11.23 05:51
567;49.14221057973080;9.218521835185510;750;Heilbronn;Marketplace;09.11.23 06:18
900;491.42853719921800;9.22114576324174;592;Heilbronn;Portmarket;09.11.23 06:20
1101;49.14266730838750;9.221385501567280;428;Heilbronn;Passage;09.11.23 06:21
767;491.41345284235500;9.219848874850640;271;Heilbronn;Kiliansplace;09.11.23 06:25
604;49.14169679491880;9.219867244616990;669;Heilbronn;Kiliansplace;09.11.23 06:47
78;491.22469590637400;9.21123427540369;396;Heilbronn;HHN;09.11.23 07:06
121;49.12297754461080;9.210851040806370;931;Heilbronn;HHN;09.11.23 07:13
57;49.12204849242310;9.210730657261330;612;Heilbronn;HHN;09.11.23 07:18
922;49.14319514679430;9.220454287927570;838;Heilbronn;Portmarket;09.11.23 07:22
1028;49.14225391050140;9.216264059583070;546;Heilbronn;Theatreship;09.11.23 07:27
992;49.14316019131540;9.22115586280171;878;Heilbronn;Portmarket;09.11.23 07:29
769;49.14186735773580;9.220178387973800;305;Heilbronn;Kiliansplace;09.11.23 07:44
300;49.1218841477554;9.210920950533490;623;Heilbronn;HHN;09.11.23 07:55
852;491.41373266078700;9.219910779777120;950;Heilbronn;Kiliansplace;09.11.23 07:56
680;49.14143801982860;9.21958348321217;887;Heilbronn;Kiliansplace;09.11.23 08:08
1149;49.14267920521390;9.208672043405060;525;Heilbronn;Central Station;09.11.23 08:16
546;49.14245704574840;9.218689269328050;292;Heilbronn;Marketplace;09.11.23 08:34
223;49.12244119881380;9.210576541481400;273;Heilbronn;HHN;09.11.23 08:50
270;491.22798222513800;9.210976052864610;906;Heilbronn;HHN;09.11.23 08:54
1207;49.14223607446660;9.208313849226000;776;Heilbronn;Central Station;09.11.23 09:09
881;49.14133527798330;9.21970743316313;356;Heilbronn;Kiliansplace;09.11.23 09:22
554;49.14217156992800;9.218654449038360;329;Heilbronn;Marketplace;09.11.23 09:23
357;49.12251804530140;9.21065554610533;472;Heilbronn;HHN;09.11.23 09:55
465;49.12233029847110;9.211260911234660;376;Heilbronn;HHN;09.11.23 09:55
507;491.42380413549000;9.218443643887190;687;Heilbronn;Marketplace;09.11.23 09:58
751;49.14119653269490;9.219560166238790;370;Heilbronn;Kiliansplace;09.11.23 10:25
466;49.12277986096920;9.210711129484240;947;Heilbronn;HHN;09.11.23 10:40
939;49.14309952129370;9.22083117833262;502;Heilbronn;Portmarket;09.11.23 10:41
859;49.14146542807480;9.220073165741620;266;Heilbronn;Kiliansplace;09.11.23 10:44
1155;49.14322796503700;9.209446856380680;254;Heilbronn;Central Station;09.11.23 10:45
287;49.12298639211940;9.210539665966060;927;Heilbronn;HHN;09.11.23 10:53
1229;49.14264666683000;9.207359034493670;288;Heilbronn;Central Station;09.11.23 10:58
923;491.42760115218900;9.22057937766385;911;Heilbronn;Portmarket;09.11.23 10:58
1009;491.42265845173200;9.216301096326340;836;Heilbronn;Theatreship;09.11.23 11:00
1102;49.14266718559640;9.221383265678720;389;Heilbronn;Passage;09.11.23 11:08
606;49.14155559088580;9.219482280469120;857;Heilbronn;Kiliansplace;09.11.23 11:09
582;49.14233788600670;9.218719031896060;486;Heilbronn;Marketplace;09.11.23 11:14
737;491.41096907024600;9.219736249531880;733;Heilbronn;Kiliansplace;09.11.23 11:42
1008;49.14196217047710;9.216247729089440;912;Heilbronn;Theatreship;09.11.23 11:48
649;491.41192488990300;9.219923142697060;918;Heilbronn;Kiliansplace;09.11.23 12:01
683;49.14122370225300;9.219615805560610;447;Heilbronn;Kiliansplace;09.11.23 12:05
901;49.14291749102770;9.221000473045580;560;Heilbronn;Portmarket;09.11.23 12:13
346;491.22791078008100;9.21073715273255;569;Heilbronn;HHN;09.11.23 12:21
898;49.14157649764220;9.219941293322840;509;Heilbronn;Kiliansplace;09.11.23 12:41
629;49.14159313356490;9.219880553939280;349;Heilbronn;Kiliansplace;09.11.23 12:42
275;491.22663051872500;9.21117981720671;570;Heilbronn;HHN;09.11.23 12:53
1167;491.42646135210900;9.208805870810050;772;Heilbronn;Central Station;09.11.23 13:04
704;49.14155963391420;9.21975481173116;278;Heilbronn;Kiliansplace;09.11.23 13:08
405;49.12187758605940;9.210798854703590;774;Heilbronn;HHN;09.11.23 13:48
116;49.12227048192560;9.21120385143223;330;Heilbronn;HHN;09.11.23 13:55
328;49.12257874792520;9.21095438091953;278;Heilbronn;HHN;09.11.23 13:59
14;49.12283217623790;9.211134490538480;722;Heilbronn;HHN;09.11.23 14:18
1208;49.14315349477110;9.207357958584410;785;Heilbronn;Central Station;09.11.23 14:54
831;491.41443925775900;9.219901136597990;542;Heilbronn;Kiliansplace;09.11.23 14:55
141;49.12261485898650;9.210928489477870;290;Heilbronn;HHN;09.11.23 15:02
863;491.41497047088700;9.219360338676780;279;Heilbronn;Kiliansplace;09.11.23 15:03
556;491.42264043538300;9.218702981915050;374;Heilbronn;Marketplace;09.11.23 15:09
533;49.14233053417820;9.218642277655720;894;Heilbronn;Marketplace;09.11.23 15:20
906;49.14320395422250;9.220867766685070;962;Heilbronn;Portmarket;09.11.23 15:26
131;491.22296627492600;9.211174567316620;958;Heilbronn;HHN;09.11.23 15:32
390;49.12269188053110;9.210930325956930;281;Heilbronn;HHN;09.11.23 15:33
732;49.14158907411980;9.219763890760080;275;Heilbronn;Kiliansplace;09.11.23 15:41
643;49.1416787596475;9.219597501386780;962;Heilbronn;Kiliansplace;09.11.23 15:44
1120;49.14157023185050;9.220082045951450;472;Heilbronn;tram;09.11.23 16:04
628;491.41628624728000;9.22003323615929;296;Heilbronn;Kiliansplace;09.11.23 16:05
887;49.14162066783270;9.219564512772440;384;Heilbronn;Kiliansplace;09.11.23 16:17
902;491.42853940434000;9.22101164137396;499;Heilbronn;Portmarket;09.11.23 16:30
833;49.14109606283920;9.219935887085980;567;Heilbronn;Kiliansplace;09.11.23 16:33
288;49.12259680055420;9.21091836230173;944;Heilbronn;HHN;09.11.23 16:42
709;49.14131961955960;9.219415899769860;647;Heilbronn;Kiliansplace;09.11.23 16:43
955;491.43232880380700;9.22109392013738;468;Heilbronn;Portmarket;09.11.23 16:55
516;491.42491949513300;9.218573461782050;263;Heilbronn;Marketplace;09.11.23 17:15
429;49.12275134340520;9.210708325917870;509;Heilbronn;HHN;09.11.23 17:23
345;49.12240381681680;9.210761011567720;269;Heilbronn;HHN;09.11.23 17:30
438;49.12287515092850;9.210629512665820;796;Heilbronn;HHN;09.11.23 17:31
996;491.42875678152200;9.220880272818630;736;Heilbronn;Portmarket;09.11.23 17:35
1181;49.14208976405000;9.208461170005750;444;Heilbronn;Central Station;09.11.23 17:38
471;491.22723185895600;9.211087757728570;881;Heilbronn;HHN;09.11.23 17:51
1011;491.42271043370100;9.216114336121290;694;Heilbronn;Theatreship;09.11.23 17:53
931;49.14298981245750;9.220694141569270;848;Heilbronn;Portmarket;09.11.23 17:56
353;491.23173228933000;9.210657747632490;629;Heilbronn;HHN;09.11.23 18:14
311;49.12235184891830;9.21074425470908;385;Heilbronn;HHN;09.11.23 19:00
739;49.14149500875960;9.219713083744940;848;Heilbronn;Kiliansplace;09.11.23 19:20
810;491.41316359085100;9.219652992336400;838;Heilbronn;Kiliansplace;09.11.23 19:40
259;491.22522386121500;9.210828354478360;688;Heilbronn;HHN;09.11.23 19:41
536;491.42397302285500;9.21882045020386;390;Heilbronn;Marketplace;09.11.23 19:47
402;49.12271800881640;9.210913735591010;721;Heilbronn;HHN;09.11.23 20:27
261;49.1228453284753;9.211025264846520;500;Heilbronn;HHN;09.11.23 20:29
26;49.12293625048010;9.210806109267500;844;Heilbronn;HHN;09.11.23 21:06
339;49.1222101773223;9.210527391279220;755;Heilbronn;HHN;09.11.23 21:09
1062;49.14220541186930;9.21626191711893;404;Heilbronn;Theatreship;09.11.23 21:13
280;49.12282439763420;9.211172264278950;657;Heilbronn;HHN;09.11.23 21:50
156;49.12249462895340;9.2110865328615;708;Heilbronn;HHN;09.11.23 21:50
393;491.22471941559200;9.210912452184240;857;Heilbronn;HHN;09.11.23 21:54
115;491.22991860925800;9.211205644422360;772;Heilbronn;HHN;09.11.23 21:58
1150;491.42609212151100;9.208064268751920;205;Heilbronn;Central Station;09.11.23 22:03
477;49.1232524202469;9.211176156487190;219;Heilbronn;HHN;09.11.23 22:39
1053;49.14213047471770;9.216235558107200;238;Heilbronn;Theatreship;09.11.23 22:43
687;49.14157310452810;9.219798283769940;239;Heilbronn;Kiliansplace;09.11.23 22:59
271;491.21996271992200;9.211000191734700;209;Heilbronn;HHN;09.11.23 23:07
1041;49.14213907689730;9.216257850587860;214;Heilbronn;Theatreship;09.11.23 23:35
40;49.12274454151530;9.210954818577220;205;Heilbronn;HHN;09.11.23 23:39
786;49.14147609084430;9.219793843914330;195;Heilbronn;Kiliansplace;09.11.23 23:39
243;49.12245830542670;9.210946664918700;251;Heilbronn;HHN;09.11.23 23:54
605;491.41261923375500;9.219404144676480;250;Heilbronn;Kiliansplace;09.11.23 23:57
273;491.22814477421300;9.211080879514700;196;Heilbronn;HHN;09.11.23 23:59
1054;49.1421872114738;9.216290440785700;99;Heilbronn;Theatreship;10.11.23 00:12
1222;49.14288436720370;9.208476975353550;88;Heilbronn;Central Station;10.11.23 00:47
488;49.12273988321430;9.210803847838660;86;Heilbronn;HHN;10.11.23 00:57
20;49.12228184683080;9.210512989730420;118;Heilbronn;HHN;10.11.23 01:07
1137;49.1428418116252;9.207539244888280;112;Heilbronn;Central Station;10.11.23 01:32
974;491.42607616111400;9.220855276000150;113;Heilbronn;Portmarket;10.11.23 01:58
1047;49.14204383458000;9.21628768602365;111;Heilbronn;Theatreship;10.11.23 02:17
788;491.41653870754800;9.21948786957431;18;Heilbronn;Kiliansplace;10.11.23 02:50
1156;49.14284923098070;9.20803369141777;85;Heilbronn;Central Station;10.11.23 03:18
302;49.12210817927330;9.210918872094730;153;Heilbronn;HHN;10.11.23 03:55
425;49.12258149200420;9.211227375626960;110;Heilbronn;HHN;10.11.23 03:55
513;49.14242585171260;9.218519955025630;142;Heilbronn;Marketplace;10.11.23 04:02
1105;49.14267201756750;9.221359251749470;10;Heilbronn;Passage;10.11.23 04:21
745;49.14140257098410;9.21973911147082;53;Heilbronn;Kiliansplace;10.11.23 04:26
242;49.12303039386890;9.210551674777270;145;Heilbronn;HHN;10.11.23 04:37
1172;49.14214618531540;9.208396523787400;35;Heilbronn;Central Station;10.11.23 05:21
212;49.12250782250410;9.210435595681210;292;Heilbronn;HHN;10.11.23 06:02
943;491.42866977569700;9.220771519526630;843;Heilbronn;Portmarket;10.11.23 06:31
1064;49.14235262028890;9.216216317364960;859;Heilbronn;Theatreship;10.11.23 06:46
782;49.14098373821540;9.21966674749863;472;Heilbronn;Kiliansplace;10.11.23 07:05
1136;49.14283737155020;9.208050997228750;433;Heilbronn;Central Station;10.11.23 07:07
625;49.14142866849290;9.220290633431950;703;Heilbronn;Kiliansplace;10.11.23 07:10
1091;491.42179370802300;9.216318916465170;873;Heilbronn;Theatreship;10.11.23 07:30
39;49.12285441089920;9.210614535438320;524;Heilbronn;HHN;10.11.23 07:33
1158;49.14334924899640;9.208538077080890;824;Heilbronn;Central Station;10.11.23 07:33
83;491.23460167883900;9.211391951204160;967;Heilbronn;HHN;10.11.23 07:51
924;491.43052484736300;9.220774065398910;758;Heilbronn;Portmarket;10.11.23 08:09
760;491.40818828080700;9.219783410874520;499;Heilbronn;Kiliansplace;10.11.23 08:12
1173;491.43040340468400;9.208416098290010;720;Heilbronn;Central Station;10.11.23 08:17
69;491.23003001263300;9.21077776657463;395;Heilbronn;HHN;10.11.23 08:32
437;49.1227857403964;9.211533575105970;373;Heilbronn;HHN;10.11.23 09:30
1133;49.14290559094740;9.208474499431210;437;Heilbronn;Central Station;10.11.23 09:52
87;491.22388678726800;9.211060514825990;502;Heilbronn;HHN;10.11.23 10:02
377;49.12269182601150;9.21082827415838;369;Heilbronn;HHN;10.11.23 10:06
746;491.41598397814500;9.219879862767780;733;Heilbronn;Kiliansplace;10.11.23 10:11
1071;49.14216406348320;9.216240117697100;436;Heilbronn;Theatreship;10.11.23 10:20
1025;49.14229592497640;9.216319245952300;527;Heilbronn;Theatreship;10.11.23 10:21
483;49.12317194892340;9.210789495790040;347;Heilbronn;HHN;10.11.23 10:23
617;49.1415568299193;9.219823156843240;887;Heilbronn;Kiliansplace;10.11.23 10:23
1185;49.14320964442710;9.208414975252740;744;Heilbronn;Central Station;10.11.23 10:26
472;49.12280476067580;9.21073358697977;311;Heilbronn;HHN;10.11.23 10:35
445;49.12244498405590;9.211167282622100;946;Heilbronn;HHN;10.11.23 10:49
987;491.43204995756700;9.221086953104840;395;Heilbronn;Portmarket;10.11.23 10:57
34;491.23089104300300;9.210666188196080;577;Heilbronn;HHN;10.11.23 11:16
893;49.14166116550450;9.219579980318640;526;Heilbronn;Kiliansplace;10.11.23 11:17
1087;491.42205439702700;9.216149086472220;339;Heilbronn;Theatreship;10.11.23 11:19
612;49.14126325391040;9.219664370101930;769;Heilbronn;Kiliansplace;10.11.23 11:23
1152;49.1417785692872;9.20800707319978;465;Heilbronn;Central Station;10.11.23 12:00
803;491.41118185389200;9.219700559618660;747;Heilbronn;Kiliansplace;10.11.23 12:20
379;491.23008000650100;9.210592721094720;866;Heilbronn;HHN;10.11.23 12:38
307;491.23273631834100;9.210768665646030;508;Heilbronn;HHN;10.11.23 12:40
1140;491.41777135357800;9.208830272075430;498;Heilbronn;Central Station;10.11.23 13:21
253;49.12265881088270;9.210704834879250;966;Heilbronn;HHN;10.11.23 13:34
99;49.12282827702310;9.210653892375400;651;Heilbronn;HHN;10.11.23 13:44
183;49.12320846753340;9.211144905126620;390;Heilbronn;HHN;10.11.23 14:13
326;491.22704556245600;9.211120792177010;382;Heilbronn;HHN;10.11.23 14:30
31;491.22727004882000;9.211123590870500;616;Heilbronn;HHN;10.11.23 14:30
119;491.22652834848500;9.211021600094900;309;Heilbronn;HHN;10.11.23 14:31
668;49.1416468104547;9.219744837888830;278;Heilbronn;Kiliansplace;10.11.23 14:58
522;49.14240345674480;9.218711156545540;763;Heilbronn;Marketplace;10.11.23 15:21
129;49.12316125750020;9.210434593331730;516;Heilbronn;HHN;10.11.23 15:27
349;49.12277253830980;9.210543516749390;282;Heilbronn;HHN;10.11.23 15:38
258;49.12265797372560;9.210494956353010;266;Heilbronn;HHN;10.11.23 15:40
27;491.23025219462400;9.211184407199620;709;Heilbronn;HHN;10.11.23 15:48
461;49.12271525948620;9.210411085204800;856;Heilbronn;HHN;10.11.23 15:51
585;49.14229908047570;9.218763246906280;832;Heilbronn;Marketplace;10.11.23 15:54
917;49.14286044129490;9.220889761756560;445;Heilbronn;Portmarket;10.11.23 15:55
1089;49.14219002312770;9.216357260235350;369;Heilbronn;Theatreship;10.11.23 15:56
184;49.12248081444600;9.210730875559430;644;Heilbronn;HHN;10.11.23 15:56
394;49.1228635683163;9.210717352552600;483;Heilbronn;HHN;10.11.23 16:02
1184;49.14242254092150;9.208766268608790;399;Heilbronn;Central Station;10.11.23 16:16
672;49.14149249497250;9.220245991654320;865;Heilbronn;Kiliansplace;10.11.23 16:51
1117;491.41724418295800;9.220034690426160;378;Heilbronn;tram;10.11.23 16:53
832;49.14106850198410;9.219852177262170;554;Heilbronn;Kiliansplace;10.11.23 17:00
1171;491.42867776167700;9.207459953414620;644;Heilbronn;Central Station;10.11.23 17:02
1121;49.14166973859430;9.220038508602050;549;Heilbronn;tram;10.11.23 17:11
38;491.22854096789700;9.21133774914208;959;Heilbronn;HHN;10.11.23 17:38
932;49.14302554089170;9.220521500219070;810;Heilbronn;Portmarket;10.11.23 17:56
1225;49.14226588249580;9.20828311075039;643;Heilbronn;Central Station;10.11.23 18:11
563;49.14202787143130;9.218461519294700;293;Heilbronn;Marketplace;10.11.23 18:21
659;49.14109226537810;9.219666527811960;308;Heilbronn;Kiliansplace;10.11.23 18:25
774;49.14119810100470;9.220030239799600;892;Heilbronn;Kiliansplace;10.11.23 18:42
340;49.12266558429670;9.210944245497440;344;Heilbronn;HHN;10.11.23 18:54
101;49.12213911121860;9.210343999914280;259;Heilbronn;HHN;10.11.23 19:11
1180;49.14220379566260;9.207887614676790;739;Heilbronn;Central Station;10.11.23 19:26
843;49.14136866874500;9.219677119429410;883;Heilbronn;Kiliansplace;10.11.23 20:02
1046;49.14218013137720;9.216238821661370;789;Heilbronn;Theatreship;10.11.23 20:10
76;491.22505716618300;9.210801036193540;562;Heilbronn;HHN;10.11.23 20:22
948;491.42651778378500;9.220645442538850;500;Heilbronn;Portmarket;10.11.23 20:23
1221;49.14229819777990;9.207821180186610;787;Heilbronn;Central Station;10.11.23 20:24
829;49.14084004960070;9.21945189299549;742;Heilbronn;Kiliansplace;10.11.23 20:29
1045;491.42194055747800;9.216105125758950;448;Heilbronn;Theatreship;10.11.23 20:54
1127;49.14172141408610;9.220042956276780;955;Heilbronn;tram;10.11.23 21:00
879;49.1413733965194;9.21947008432039;853;Heilbronn;Kiliansplace;10.11.23 21:16
175;49.12281455580530;9.210419124920950;231;Heilbronn;HHN;10.11.23 22:48
855;491.40796691560800;9.2198898794097;201;Heilbronn;Kiliansplace;10.11.23 23:15
392;491.22531367659300;9.210709752333160;198;Heilbronn;HHN;10.11.23 23:18
762;49.14183925910650;9.220043998204790;228;Heilbronn;Kiliansplace;10.11.23 23:28
827;49.14129796804870;9.219843260553460;228;Heilbronn;Kiliansplace;10.11.23 23:30
890;491.41220090345100;9.22003911497572;201;Heilbronn;Kiliansplace;10.11.23 23:41
1178;49.1435008691823;9.208191799325870;150;Heilbronn;Central Station;11.11.23 00:05
934;49.14325570473680;9.220895008933860;142;Heilbronn;Portmarket;11.11.23 00:06
383;491.22336607130000;9.210933279391000;11;Heilbronn;HHN;11.11.23 00:43
411;49.12335304889850;9.211059032021100;80;Heilbronn;HHN;11.11.23 00:58
1109;491.42674167454800;9.221370708427560;5;Heilbronn;Passage;11.11.23 01:08
756;49.14147468849790;9.220108995454730;129;Heilbronn;Kiliansplace;11.11.23 02:13
708;49.14127067233480;9.219330372658260;50;Heilbronn;Kiliansplace;11.11.23 02:22
1202;491.43281735306500;9.209072545748020;59;Heilbronn;Central Station;11.11.23 02:47
570;491.42349566336400;9.218605009902010;119;Heilbronn;Marketplace;11.11.23 02:47
201;491.22611688493600;9.21065498862294;130;Heilbronn;HHN;11.11.23 03:38
162;49.12321119782640;9.211235908900590;79;Heilbronn;HHN;11.11.23 04:18
1007;49.14215946332940;9.216203640173060;70;Heilbronn;Theatreship;11.11.23 04:20
324;49.12236838433220;9.21123564563187;184;Heilbronn;HHN;11.11.23 04:38
3;49.12210484678400;9.211265870131660;180;Heilbronn;HHN;11.11.23 04:55
217;49.122462920406;9.211127762252670;22;Heilbronn;HHN;11.11.23 05:27
947;49.14338575525900;9.220798042904010;25;Heilbronn;Portmarket;11.11.23 05:53
874;49.14168367099280;9.220089202811940;841;Heilbronn;Kiliansplace;11.11.23 06:03
63;49.12263405905740;9.210696374015160;252;Heilbronn;HHN;11.11.23 06:13
486;49.12236946321130;9.210634008172420;943;Heilbronn;HHN;11.11.23 06:17
178;49.12275739070030;9.211021023215550;853;Heilbronn;HHN;11.11.23 06:33
871;49.14122055331120;9.21971146386935;762;Heilbronn;Kiliansplace;11.11.23 06:45
435;49.12304955793480;9.211202040659110;687;Heilbronn;HHN;11.11.23 06:48
408;491.22188703721400;9.210911273189060;780;Heilbronn;HHN;11.11.23 07:00
1182;49.14200088471940;9.207439713083400;767;Heilbronn;Central Station;11.11.23 07:02
738;49.14135886579870;9.219434591242530;885;Heilbronn;Kiliansplace;11.11.23 07:04
806;49.14133842363140;9.219507979242900;327;Heilbronn;Kiliansplace;11.11.23 07:06
233;49.12303226659140;9.210849255412890;660;Heilbronn;HHN;11.11.23 07:10
360;491.22666841311900;9.210727285518500;832;Heilbronn;HHN;11.11.23 07:15
1115;491.41702635118600;9.21999509395706;341;Heilbronn;tram;11.11.23 07:22
1021;49.14235529700350;9.216233861449420;254;Heilbronn;Theatreship;11.11.23 07:34
674;49.14180661218000;9.219447506837290;544;Heilbronn;Kiliansplace;11.11.23 07:43
847;49.14119489855060;9.219429558058190;789;Heilbronn;Kiliansplace;11.11.23 07:43
29;491.22314785582700;9.21075895480038;698;Heilbronn;HHN;11.11.23 07:45
498;49.12280203901080;9.210705208035560;589;Heilbronn;HHN;11.11.23 08:23
388;49.12217189719980;9.210384311037860;351;Heilbronn;HHN;11.11.23 08:36
763;49.14159653684430;9.219441879069190;636;Heilbronn;Kiliansplace;11.11.23 08:53
757;49.1414360327613;9.219571565349460;690;Heilbronn;Kiliansplace;11.11.23 08:54
707;49.14156591524930;9.219530418343260;439;Heilbronn;Kiliansplace;11.11.23 08:59
1130;491.43231723923900;9.207534993328650;763;Heilbronn;Central Station;11.11.23 09:32
722;491.41031387737100;9.219812087028100;682;Heilbronn;Kiliansplace;11.11.23 09:32
440;491.22648390087800;9.21109002989324;495;Heilbronn;HHN;11.11.23 09:46
724;49.14162061562180;9.219425490292500;586;Heilbronn;Kiliansplace;11.11.23 10:04
66;49.12252938375620;9.210909156396400;603;Heilbronn;HHN;11.11.23 10:23
118;49.12331673516160;9.21069435876028;275;Heilbronn;HHN;11.11.23 10:27
67;49.12287783375200;9.211352782753450;381;Heilbronn;HHN;11.11.23 10:47
164;49.12240856911970;9.21090099180562;269;Heilbronn;HHN;11.11.23 10:51
524;49.14210873218020;9.218731556358520;931;Heilbronn;Marketplace;11.11.23 11:09
624;49.14158525526980;9.219861099640900;348;Heilbronn;Kiliansplace;11.11.23 11:10
1020;49.14215263367390;9.216199606966580;744;Heilbronn;Theatreship;11.11.23 11:13
1043;49.14220587741500;9.216268838156440;830;Heilbronn;Theatreship;11.11.23 11:29
1005;49.14197073027590;9.216441195279620;582;Heilbronn;Theatreship;11.11.23 11:48
560;49.14224174501040;9.218551187873340;309;Heilbronn;Marketplace;11.11.23 12:06
500;49.14224628239650;9.218652806126050;612;Heilbronn;Marketplace;11.11.23 12:20
1161;49.14218632595310;9.208582753623160;296;Heilbronn;Central Station;11.11.23 12:23
976;49.143269620741;9.221096917487610;932;Heilbronn;Portmarket;11.11.23 12:28
413;49.12310416733370;9.211042788613730;549;Heilbronn;HHN;11.11.23 13:04
684;49.14160143442980;9.220289465807200;831;Heilbronn;Kiliansplace;11.11.23 13:12
211;49.12260330428070;9.211271656317960;640;Heilbronn;HHN;11.11.23 13:28
356;49.12273206623270;9.21101745744551;632;Heilbronn;HHN;11.11.23 13:44
320;49.12275889144840;9.210795619154270;705;Heilbronn;HHN;11.11.23 13:52
433;49.12292914733140;9.210852946525890;413;Heilbronn;HHN;11.11.23 13:55
700;49.14153546709150;9.219565631501810;671;Heilbronn;Kiliansplace;11.11.23 14:00
1040;49.14216041496680;9.216296477294280;865;Heilbronn;Theatreship;11.11.23 14:13
81;49.12362789791260;9.210986128477030;665;Heilbronn;HHN;11.11.23 14:21
1026;49.14225201638320;9.216225311656620;416;Heilbronn;Theatreship;11.11.23 14:47
1204;49.1432807416948;9.207273310407920;844;Heilbronn;Central Station;11.11.23 14:48
938;49.14316763040130;9.221001668361800;745;Heilbronn;Portmarket;11.11.23 15:03
657;49.1419933904607;9.219926344141630;396;Heilbronn;Kiliansplace;11.11.23 15:17
944;49.14311116153140;9.221017456004070;459;Heilbronn;Portmarket;11.11.23 15:25
1199;49.14299343062580;9.208491501009690;763;Heilbronn;Central Station;11.11.23 15:33
1227;491.42421321986200;9.20786497257044;955;Heilbronn;Central Station;11.11.23 15:36
1104;49.14266900620200;9.221373979913960;650;Heilbronn;Passage;11.11.23 15:40
747;49.1417742671582;9.220087107932030;781;Heilbronn;Kiliansplace;11.11.23 15:56
457;49.12264161935300;9.21127353330561;295;Heilbronn;HHN;11.11.23 16:00
744;49.14150663038970;9.220149481022290;811;Heilbronn;Kiliansplace;11.11.23 16:02
870;491.41638180372800;9.21979008732669;319;Heilbronn;Kiliansplace;11.11.23 16:06
206;49.12216496623710;9.210794989287330;487;Heilbronn;HHN;11.11.23 16:08
531;491.42398127101000;9.218720227414630;493;Heilbronn;Marketplace;11.11.23 16:28
849;49.14159382504850;9.2198528618324;515;Heilbronn;Kiliansplace;11.11.23 17:14
956;491.42855650062400;9.220801730805530;777;Heilbronn;Portmarket;11.11.23 17:15
1029;49.14223182912220;9.216094890347620;400;Heilbronn;Theatreship;11.11.23 17:19
778;49.14154854352010;9.2197596107642;265;Heilbronn;Kiliansplace;11.11.23 17:22
726;49.14135734490180;9.219590638887110;535;Heilbronn;Kiliansplace;11.11.23 17:42
926;49.14254781671220;9.220879592752710;883;Heilbronn;Portmarket;11.11.23 18:04
586;49.14237955624910;9.218539398805700;643;Heilbronn;Marketplace;11.11.23 18:09
591;491.42315307785100;9.218520274924150;606;Heilbronn;Marketplace;11.11.23 18:22
1223;491.43490853709000;9.207171706754940;312;Heilbronn;Central Station;11.11.23 18:23
1052;49.14223740615730;9.216177340542840;789;Heilbronn;Theatreship;11.11.23 18:38
245;49.12300930326820;9.211257967118660;774;Heilbronn;HHN;11.11.23 19:46
1209;49.1424936093078;9.207678035978400;570;Heilbronn;Central Station;11.11.23 19:56
784;49.14149186721230;9.219664683474830;782;Heilbronn;Kiliansplace;11.11.23 19:57
1048;49.14219304784230;9.21625765956192;481;Heilbronn;Theatreship;11.11.23 20:00
725;49.14150818792110;9.219977902368760;643;Heilbronn;Kiliansplace;11.11.23 20:06
45;491.22116610134000;9.211141898190030;591;Heilbronn;HHN;11.11.23 20:13
1148;49.14351120594950;9.209287249904650;823;Heilbronn;Central Station;11.11.23 20:32
631;491.41508752012000;9.219769209583690;253;Heilbronn;Kiliansplace;11.11.23 21:45
970;49.14273553582760;9.220810718079040;883;Heilbronn;Portmarket;11.11.23 21:49
695;491.41570851269000;9.219435907524910;196;Heilbronn;Kiliansplace;11.11.23 22:21
88;49.12355315883510;9.210641318345650;194;Heilbronn;HHN;11.11.23 22:32
1118;491.41662339273000;9.219935087385850;224;Heilbronn;tram;11.11.23 22:49
686;49.14161171669030;9.219470229440140;231;Heilbronn;Kiliansplace;11.11.23 23:02
1226;49.14309745856870;9.208471778468520;197;Heilbronn;Central Station;11.11.23 23:06
221;49.1228921381447;9.21086349526384;225;Heilbronn;HHN;11.11.23 23:07
165;49.12285339558640;9.211238983781910;235;Heilbronn;HHN;11.11.23 23:11
254;49.12289572450130;9.211142283816500;202;Heilbronn;HHN;11.11.23 23:14
808;491.41415425679600;9.220017327535440;231;Heilbronn;Kiliansplace;11.11.23 23:31
919;491.42862876150100;9.220984119454;998;Heilbronn;Portmarket;02.11.23 17:29
443;49.12290065538830;9.2105368463414;971;Heilbronn;HHN;11.11.23 06:13
228;491.22423328877000;9.2113985942716;975;Heilbronn;HHN;07.11.23 08:53
945;491.42711480581000;9.2205618952035;973;Heilbronn;Portmarket;11.11.23 21:45
318;49.12266383361530;9.21149481184933;983;Heilbronn;HHN;03.11.23 18:26
1078;49.14218056789580;9.21621483053601;969;Heilbronn;Theatreship;06.11.23 10:17
1187;49.14287626172570;9.208120439639040;973;Heilbronn;Central Station;11.11.23 07:34
1151;491.42730441747800;9.208284983810630;984;Heilbronn;Central Station;09.11.23 10:45
462;49.12264672211830;9.210248078693100;983;Heilbronn;HHN;05.11.23 14:43
276;49.12286438889590;9.210718288246400;990;Heilbronn;HHN;01.11.23 07:04
397;49.12233261194330;9.210757603890260;987;Heilbronn;HHN;08.11.23 08:02
16;49.12260555120330;9.210867010043230;992;Heilbronn;HHN;01.11.23 12:22
2;49.12224795930240;9.210950191283190;977;Heilbronn;HHN;05.11.23 06:13
171;49.12285250146190;9.211296058322020;990;Heilbronn;HHN;10.11.23 19:11
260;49.12302227010420;9.211302321649950;985;Heilbronn;HHN;06.11.23 16:52
452;49.12263561675860;9.211540228356780;995;Heilbronn;HHN;05.11.23 15:49
1057;491.42218613688700;9.216202528992150;981;Heilbronn;Theatreship;02.11.23 17:55
1093;491.42178778985500;9.216225432744290;974;Heilbronn;Theatreship;01.11.23 12:03
1067;49.14223516970480;9.216244897183420;985;Heilbronn;Theatreship;09.11.23 17:15
1066;49.14228941990350;9.216330797799750;999;Heilbronn;Theatreship;03.11.23 14:28
504;49.14254940982960;9.218558812156540;972;Heilbronn;Marketplace;06.11.23 11:16
584;491.42197399054500;9.218642717707360;998;Heilbronn;Marketplace;11.11.23 17:22
578;49.14220257153370;9.218661006847360;998;Heilbronn;Marketplace;10.11.23 15:40
768;49.14125414030790;9.219463655090940;993;Heilbronn;Kiliansplace;09.11.23 10:44
731;491.41201108533100;9.219643511974460;988;Heilbronn;Kiliansplace;07.11.23 08:28
872;491.41580462679700;9.219809212936370;975;Heilbronn;Kiliansplace;11.11.23 10:51
988;49.14295575955920;9.220630211966330;990;Heilbronn;Portmarket;09.11.23 17:30
968;49.14317684142470;9.220743997982510;989;Heilbronn;Portmarket;03.11.23 17:49
941;49.1429494226029;9.220808436031930;979;Heilbronn;Portmarket;01.11.23 09:58
927;491.43726501637800;9.220824352364970;995;Heilbronn;Portmarket;04.11.23 12:45
990;49.14315157609190;9.220832874719760;980;Heilbronn;Portmarket;04.11.23 08:40
965;49.14292447280510;9.221231866524230;974;Heilbronn;Portmarket;09.11.23 06:25